date,The Glory (TV series),Moving (South Korean TV series),My Demon,King the Land,Gyeongseong Creature,Twinkling Watermelon,Death's Game,Crash Course in Romance,Welcome to Samdal-ri,Celebrity (South Korean TV series),A Time Called You,Perfect Marriage Revenge,See You in My 19th Life,The Good Bad Mother,My Lovely Liar,Doona!,Love to Hate You (TV series),Daily Dose of Sunshine,Destined with You
2022-06-01,,185,,,,,,,,,121,,,,,,,,
2022-06-02,,169,,,,,,,,,119,,,,,,,,
2022-06-03,,179,,,,,,,,,121,,,,,,,,
2022-06-04,,163,,,,,,,,,143,,,,,,,,
2022-06-05,,204,,,,,,,,,125,,,,,,,,
2022-06-06,,156,,,,,,,,,163,,,,,,,,
2022-06-07,,170,,,,,,,,,141,,,,,,,,
2022-06-08,,198,,,,,,,,,159,,,,,,,,
2022-06-09,,190,,,,,,,,,146,,,,,,134.0,,
2022-06-10,,151,,,,,,,,,97,,,,,,83.0,,
2022-06-11,,188,,,,,,,,,106,,,,,,90.0,,
2022-06-12,,209,,,,,,,,,145,,,,,,91.0,,
2022-06-13,,210,,,,,,,,,175,,,,,,74.0,,
2022-06-14,,231,,,,,,,,,140,,,,,,88.0,,
2022-06-15,,187,,,,,,,,,113,,,,,,69.0,,
2022-06-16,,197,,,,,,,,,109,,,,,,74.0,,
2022-06-17,,185,,,,,,,,,114,,,,,,71.0,,
2022-06-18,,328,,,1.0,,,,,,136,,,,,,78.0,,
2022-06-19,,653,,,,,,,,,153,,,,,,102.0,,
2022-06-20,,564,,,,,,,,,152,,,,,,89.0,,
2022-06-21,,460,,,,,,,,,147,,,,,,67.0,,
2022-06-22,,341,,,,,,,,,149,,,,,,82.0,,
2022-06-23,,308,,,,,,,,,114,,,,,,94.0,,
2022-06-24,,266,,,,,,,,,146,,,,,,538.0,,
2022-06-25,,267,,,,,,,,,126,,,,,,1135.0,,
2022-06-26,,377,,,,,,,,,153,,,,,,1216.0,,
2022-06-27,,266,,,,,,,,,128,,,,,,832.0,,
2022-06-28,,263,,,0.0,,,,,,128,,,,,,704.0,,
2022-06-29,,200,,,,,,,,,123,,,,,,596.0,,
2022-06-30,,225,,,3.0,,,,,,137,,,,,,470.0,,
2022-07-01,,206,,,,,,,,,125,,,,,,421.0,,
2022-07-02,,220,,,,,,,,,131,,,,,,470.0,,
2022-07-03,,282,,,,,,,,,146,,,,,,422.0,,
2022-07-04,,256,,,,,,,,,139,,,,,,363.0,,
2022-07-05,,283,,,,,,,,,103,,,,,,371.0,,
2022-07-06,,243,,,0.0,,,,,,156,,,,,,317.0,,
2022-07-07,,225,,0.0,,,,,,,147,,,,,,234.0,,
2022-07-08,,172,,,,,,,,,150,,,,,,234.0,,
2022-07-09,,210,,,,,,,,,133,,,,,,190.0,,
2022-07-10,,318,,,,,,,,,182,,,,,,281.0,,
2022-07-11,,319,,,,,,,,,182,,,,,,222.0,,
2022-07-12,,635,,,,,,,,,160,,,,,,192.0,,
2022-07-13,,375,,,,,,,,,159,,,,,,161.0,,
2022-07-14,,301,,,,,,,,,172,,,,,,194.0,,
2022-07-15,,263,,,1.0,,,,,,122,,,,,,186.0,,
2022-07-16,,318,,,,,,,,,133,,,,,,193.0,,
2022-07-17,,354,,,,,,,,,115,,,,,,179.0,,
2022-07-18,,306,,1.0,,,,,,,116,,,,,,172.0,,
2022-07-19,,321,,,,,,,,,101,,,,,,155.0,,
2022-07-20,,321,,,,,,,,,99,,,,,,155.0,,
2022-07-21,,260,,3.0,,,,,,,130,,,,,,136.0,5.0,
2022-07-22,,222,,,,,,,,,138,,,,,,127.0,0.0,
2022-07-23,,255,,,,,,,,,114,,,,,,123.0,0.0,
2022-07-24,65.0,290,,,,,,,,,164,,,,,,134.0,,
2022-07-25,39.0,271,,,,,,,,,139,,,,,,173.0,,
2022-07-26,44.0,263,,,,,,,,,182,,,,,,139.0,,
2022-07-27,32.0,284,,,,,,,,,159,,,,,,141.0,2.0,
2022-07-28,39.0,252,,,,,,,,,116,,,,,,107.0,0.0,
2022-07-29,51.0,263,,,,,,,,,152,,,,,,117.0,,
2022-07-30,46.0,254,,,,,,,,,219,,,,,,124.0,,
2022-07-31,40.0,290,,,,,,,,,181,,,,,,107.0,,
2022-08-01,67.0,292,,,,,,,,,206,,,,,,145.0,,
2022-08-02,50.0,343,,,1.0,,,,,,167,,,,,,113.0,,
2022-08-03,60.0,262,,,441.0,,,,,,169,,,,,,123.0,,
2022-08-04,70.0,231,,1.0,653.0,,,,,,150,,,,,,96.0,,
2022-08-05,78.0,269,,0.0,522.0,,,,,,146,,,,,,109.0,,
2022-08-06,95.0,278,,,505.0,,,,,,187,,,,,,98.0,,
2022-08-07,70.0,332,,,560.0,,,,,,181,,,,,,116.0,,
2022-08-08,84.0,330,,,472.0,,,,,,182,,,,,,128.0,,
2022-08-09,77.0,299,,1.0,627.0,,,,,,199,,,,,,101.0,,
2022-08-10,82.0,269,,1.0,459.0,,,,,,193,,,,,,122.0,,
2022-08-11,56.0,260,,,560.0,,,,,,184,,,,,,82.0,,
2022-08-12,65.0,251,,2.0,532.0,,,,,,177,,,,,,108.0,,
2022-08-13,40.0,280,,,526.0,,,,,,194,,,,,,121.0,,
2022-08-14,82.0,378,,,543.0,,,,,,243,,,,,,109.0,3.0,
2022-08-15,60.0,298,,,495.0,,,,,,194,,,,,,130.0,,
2022-08-16,69.0,282,,,432.0,,,,,,204,,,,,,110.0,,
2022-08-17,64.0,305,,,490.0,,,,,,199,,,,,,107.0,,
2022-08-18,38.0,274,,,407.0,,,,,,194,,,,,,106.0,,
2022-08-19,50.0,257,,1.0,389.0,,,,,,181,,,,,,108.0,,
2022-08-20,53.0,330,,,414.0,,,,,,211,,,,,,113.0,,
2022-08-21,76.0,311,,,387.0,,,,,,210,,,,,,98.0,1.0,
2022-08-22,53.0,274,,,373.0,,,,,,183,,,,,,117.0,,
2022-08-23,73.0,276,,,339.0,,,,,,170,,,,,,90.0,,
2022-08-24,98.0,305,,1.0,369.0,,,,,,163,,,,,,111.0,,
2022-08-25,71.0,291,,,356.0,,,,,,175,,,,,,101.0,,
2022-08-26,46.0,364,,,338.0,,,,,,176,,,,,,112.0,,
2022-08-27,53.0,404,,,329.0,,,,,,148,,,,,,112.0,1.0,
2022-08-28,66.0,755,,,342.0,,,,,,197,,,,,,115.0,,
2022-08-29,70.0,975,,1.0,450.0,,,,,,181,,,,,,109.0,,
2022-08-30,76.0,634,,,367.0,,,,,,190,,,,,,81.0,,
2022-08-31,72.0,436,,,376.0,,,,,,174,,,,,,106.0,,
2022-09-01,68.0,372,,1.0,356.0,,,,,,190,,,,,,95.0,,
2022-09-02,81.0,226,,,352.0,,,,,,230,,,,,,86.0,2.0,
2022-09-03,99.0,250,,,461.0,,,,,,188,,,,,,131.0,,
2022-09-04,91.0,339,,,653.0,,,,,,250,,,,,,140.0,,
2022-09-05,74.0,253,,,659.0,,,,,,252,,,,,,131.0,,
2022-09-06,89.0,261,,,538.0,,,,,,227,,,,,,138.0,,
2022-09-07,70.0,240,,,503.0,,,,,,197,,,,,,150.0,,
2022-09-08,61.0,229,,,373.0,,,,,,158,,,,,,114.0,,
2022-09-09,60.0,277,,,435.0,,,,,,187,,,,,,103.0,,
2022-09-10,95.0,246,,,541.0,,,,,,205,,,,,,137.0,1.0,
2022-09-11,85.0,246,,,796.0,,,,,,218,,,,,,115.0,,
2022-09-12,68.0,221,,,657.0,,,,,,207,,,,,,95.0,,
2022-09-13,96.0,240,,1.0,550.0,,,,,,228,,,,,,93.0,,
2022-09-14,84.0,195,,0.0,496.0,,,,,,208,,,,,,101.0,,
2022-09-15,84.0,181,,,433.0,,,,,,222,,,,,,83.0,,
2022-09-16,87.0,241,,,446.0,,,,,,209,,,,,,171.0,,
2022-09-17,74.0,204,,,576.0,,,,,,221,,,,,,106.0,,
2022-09-18,105.0,222,,1.0,729.0,,,,,,316,,,,,,116.0,,
2022-09-19,92.0,213,,,565.0,,,,,,239,,,,,,80.0,,
2022-09-20,77.0,202,,,515.0,,,,,,214,,,,,,104.0,,
2022-09-21,82.0,197,,,455.0,,,,,,181,,,,,,118.0,,
2022-09-22,100.0,195,,,536.0,,,,,,224,,,,,,100.0,,
2022-09-23,78.0,207,,,511.0,,,,,,213,,,,,,72.0,,
2022-09-24,401.0,202,,1.0,592.0,,,,,,224,,,,,,99.0,,
2022-09-25,239.0,256,,,853.0,,,,,40.0,202,,,,,,148.0,,
2022-09-26,266.0,204,,,816.0,,,,,64.0,231,,,,,,124.0,,
2022-09-27,212.0,230,,290.0,863.0,,,,,62.0,236,,,,,,126.0,,
2022-09-28,171.0,179,,236.0,2571.0,,,,,39.0,198,,,,,,94.0,,
2022-09-29,164.0,193,,236.0,1115.0,,,,,58.0,174,,,,,,122.0,,
2022-09-30,156.0,196,,260.0,868.0,,,,,36.0,176,,,,,,91.0,,
2022-10-01,143.0,193,,181.0,737.0,,,,,32.0,164,,,,,,111.0,,
2022-10-02,129.0,208,,227.0,683.0,,,,,44.0,210,,,,,,90.0,,
2022-10-03,148.0,202,,210.0,770.0,,,,,31.0,166,,,,,,110.0,,
2022-10-04,137.0,177,,176.0,642.0,,,,,34.0,160,,,,,,110.0,,
2022-10-05,145.0,213,,186.0,582.0,,,,,43.0,191,,,,,,86.0,,
2022-10-06,130.0,193,,196.0,542.0,,,,,37.0,220,,,,,,88.0,,
2022-10-07,111.0,165,,172.0,596.0,,,,,38.0,199,,,,,,91.0,,
2022-10-08,131.0,186,,271.0,667.0,,,,,49.0,267,,,,,,134.0,,
2022-10-09,139.0,200,,307.0,1649.0,,,,,60.0,366,,,,,,137.0,,
2022-10-10,147.0,210,,200.0,1460.0,,,,,42.0,334,,,,,,104.0,,
2022-10-11,145.0,177,,210.0,902.0,,,,,39.0,216,,,,,,79.0,,
2022-10-12,125.0,219,,181.0,705.0,,,,,39.0,222,,,,,,76.0,,
2022-10-13,125.0,201,,191.0,669.0,,,,,20.0,194,,,,,,91.0,,
2022-10-14,106.0,154,,154.0,513.0,,,,,43.0,165,,,,,,106.0,,
2022-10-15,102.0,198,,170.0,534.0,,,,,82.0,161,,,,,,79.0,,
2022-10-16,133.0,204,,234.0,516.0,,,,,74.0,200,,,,,,91.0,,
2022-10-17,141.0,186,,225.0,447.0,,,,,56.0,166,,,,,,81.0,,
2022-10-18,124.0,184,,155.0,453.0,,,,,33.0,174,,,,,,82.0,,
2022-10-19,115.0,212,,183.0,389.0,,,,,47.0,181,,,,,,84.0,,
2022-10-20,156.0,195,,177.0,362.0,,,,,42.0,200,,,,,,107.0,0.0,
2022-10-21,103.0,248,,165.0,375.0,,,,,42.0,170,,,,,,111.0,,
2022-10-22,143.0,309,,191.0,508.0,,,,,54.0,235,,,,,,115.0,,
2022-10-23,174.0,268,,203.0,602.0,,,,,49.0,229,,,,,,78.0,1.0,
2022-10-24,227.0,298,,176.0,511.0,,,,,68.0,205,,,,,,101.0,,
2022-10-25,211.0,224,,150.0,674.0,,,,,58.0,188,,,,,,120.0,1.0,
2022-10-26,290.0,222,,150.0,605.0,,,,,33.0,205,,,,,,58.0,,
2022-10-27,285.0,252,,161.0,614.0,,,,,69.0,186,,,,,,114.0,,
2022-10-28,189.0,267,,136.0,487.0,,,,,46.0,175,,,,,,84.0,,
2022-10-29,211.0,279,,161.0,466.0,,,,,52.0,195,,,,,,87.0,,
2022-10-30,247.0,292,,207.0,579.0,,,,,56.0,194,,,,,,94.0,,
2022-10-31,229.0,227,,196.0,537.0,,,,,56.0,190,,,,,,83.0,,
2022-11-01,212.0,227,,192.0,483.0,,,,,34.0,195,,,,,,77.0,,
2022-11-02,242.0,196,,200.0,498.0,,,,,45.0,189,,,,,,82.0,1.0,
2022-11-03,279.0,228,,164.0,1435.0,,,,,51.0,245,,,,,,75.0,,
2022-11-04,291.0,203,,161.0,1782.0,,,,,47.0,211,,,,,,86.0,,
2022-11-05,240.0,181,,191.0,1051.0,,,,,49.0,272,,,,,,78.0,,
2022-11-06,205.0,203,,223.0,920.0,,,,,51.0,273,,,,,,83.0,,
2022-11-07,208.0,243,,200.0,724.0,,,,,56.0,237,,,,,,71.0,,
2022-11-08,245.0,203,,237.0,611.0,,,,,37.0,227,,,,,,65.0,,
2022-11-09,258.0,194,,221.0,518.0,,,,,38.0,221,,,,,,80.0,,
2022-11-10,278.0,278,,174.0,568.0,,,,,37.0,193,,,,,,63.0,,
2022-11-11,306.0,228,,149.0,452.0,,,,,46.0,195,,,,,,86.0,,
2022-11-12,320.0,244,,214.0,463.0,,,,,37.0,196,,,,,,85.0,,
2022-11-13,335.0,245,,250.0,507.0,,,,,53.0,202,,,,,,83.0,,
2022-11-14,322.0,240,,238.0,458.0,,,,,64.0,190,,,,,,108.0,1.0,
2022-11-15,319.0,278,,183.0,466.0,,,,,60.0,177,,9.0,,,,96.0,,
2022-11-16,266.0,280,,164.0,491.0,,,,,49.0,174,,4.0,,,,80.0,1.0,
2022-11-17,329.0,267,,182.0,405.0,,,,,64.0,189,,1.0,,,,73.0,,
2022-11-18,271.0,222,,195.0,425.0,,,,,40.0,197,,,,,,82.0,,
2022-11-19,275.0,205,,190.0,381.0,,,,,60.0,183,,,,,,86.0,,
2022-11-20,314.0,256,,266.0,406.0,,,,,52.0,200,,1.0,,,,99.0,,
2022-11-21,345.0,279,,212.0,378.0,,,,,40.0,202,,,,,,77.0,,
2022-11-22,327.0,250,,208.0,423.0,,,,,54.0,195,,5.0,,,,74.0,,
2022-11-23,372.0,325,,213.0,566.0,,,177.0,,64.0,175,,,,,,46.0,,
2022-11-24,356.0,256,,203.0,458.0,,,152.0,,48.0,196,,3.0,,,,52.0,,
2022-11-25,350.0,298,,197.0,432.0,,,113.0,,46.0,174,,1.0,,,,57.0,1.0,
2022-11-26,303.0,317,,230.0,459.0,,,109.0,,44.0,208,,,,,,72.0,,
2022-11-27,375.0,250,,263.0,401.0,,,169.0,,63.0,295,,3.0,,,,104.0,1.0,
2022-11-28,294.0,229,,405.0,409.0,,,134.0,,44.0,213,,,,,,99.0,,
2022-11-29,331.0,202,,262.0,377.0,,,154.0,,59.0,230,,2.0,,,,152.0,,
2022-11-30,312.0,347,,174.0,466.0,,,141.0,,33.0,180,,,,,,137.0,,
2022-12-01,2180.0,301,,190.0,371.0,,,119.0,,54.0,175,,,,,,127.0,1.0,
2022-12-02,1169.0,239,,181.0,335.0,,,143.0,,45.0,146,,,,,,92.0,0.0,
2022-12-03,812.0,190,,165.0,351.0,,,130.0,,36.0,220,,,,,,86.0,1.0,
2022-12-04,665.0,199,,194.0,372.0,,,137.0,,44.0,192,,,,,,72.0,,
2022-12-05,550.0,251,,218.0,383.0,,,159.0,,45.0,197,,,,,,85.0,,
2022-12-06,621.0,219,,174.0,424.0,,,108.0,,38.0,180,,,,,,75.0,,
2022-12-07,574.0,242,,190.0,472.0,,,108.0,,26.0,180,,,,,,77.0,,
2022-12-08,2748.0,499,,183.0,434.0,,,407.0,,31.0,167,,2.0,,,,81.0,1.0,
2022-12-09,1124.0,229,,213.0,359.0,,,229.0,,49.0,172,,,,,,112.0,,
2022-12-10,953.0,355,,207.0,344.0,,,149.0,,56.0,172,,,,,,191.0,0.0,
2022-12-11,891.0,714,,225.0,394.0,,,196.0,,55.0,180,,,,,,240.0,,
2022-12-12,1253.0,804,,205.0,317.0,,,170.0,,60.0,241,,56.0,,,511.0,217.0,,
2022-12-13,842.0,620,,239.0,434.0,,,272.0,,44.0,192,,40.0,,,281.0,178.0,,
2022-12-14,713.0,421,,245.0,401.0,,,512.0,,43.0,177,,41.0,,,211.0,152.0,,
2022-12-15,1521.0,358,,220.0,380.0,,,241.0,,35.0,175,,222.0,,,187.0,125.0,,
2022-12-16,1011.0,395,,179.0,370.0,,,179.0,,28.0,189,,206.0,,,132.0,121.0,,
2022-12-17,812.0,467,,139.0,398.0,,,173.0,,30.0,173,,167.0,,,113.0,119.0,,
2022-12-18,706.0,639,,173.0,380.0,,,148.0,,27.0,230,,177.0,,,90.0,118.0,,
2022-12-19,721.0,691,,191.0,366.0,,,139.0,,33.0,202,,170.0,,,104.0,113.0,3.0,
2022-12-20,1240.0,644,,207.0,369.0,,,131.0,,41.0,205,,136.0,,,108.0,81.0,,
2022-12-21,1124.0,660,,205.0,417.0,,,152.0,,40.0,218,,140.0,,,128.0,112.0,,
2022-12-22,1529.0,584,,177.0,350.0,,,335.0,,31.0,226,,170.0,,,118.0,119.0,,
2022-12-23,1222.0,428,,186.0,316.0,,,221.0,,48.0,218,,159.0,,,135.0,83.0,,
2022-12-24,1035.0,386,,159.0,358.0,,,181.0,,46.0,211,,128.0,,,116.0,94.0,,
2022-12-25,932.0,564,,219.0,381.0,,,156.0,,36.0,191,,186.0,,,106.0,63.0,,
2022-12-26,1493.0,704,,229.0,487.0,,,301.0,,51.0,269,,189.0,,,148.0,85.0,,
2022-12-27,1411.0,699,,263.0,517.0,,,257.0,,48.0,249,,207.0,,,165.0,136.0,1.0,
2022-12-28,1823.0,669,,240.0,504.0,,,245.0,,51.0,214,,249.0,,,137.0,140.0,,
2022-12-29,2114.0,626,,278.0,503.0,,,268.0,,62.0,251,,430.0,,,128.0,152.0,,
2022-12-30,28183.0,508,,331.0,422.0,,,287.0,,53.0,241,,269.0,,,126.0,134.0,,
2022-12-31,44368.0,462,,470.0,422.0,,,265.0,,58.0,253,,243.0,,,110.0,83.0,0.0,
2023-01-01,51620.0,882,,474.0,490.0,,,428.0,,76.0,365,,279.0,,,142.0,135.0,,
2023-01-02,64494.0,1113,,482.0,629.0,,,511.0,,73.0,390,,324.0,,,204.0,162.0,3.0,
2023-01-03,64303.0,728,,419.0,600.0,,,492.0,,64.0,338,,290.0,,,198.0,153.0,,
2023-01-04,64486.0,594,,577.0,549.0,,,1018.0,,65.0,335,,290.0,,,165.0,135.0,,
2023-01-05,56139.0,692,,416.0,536.0,,,505.0,,70.0,361,,325.0,,,183.0,121.0,19.0,
2023-01-06,51428.0,533,,347.0,537.0,,,509.0,,58.0,333,,256.0,,,195.0,136.0,39.0,
2023-01-07,49439.0,731,,328.0,547.0,,,509.0,,66.0,373,,277.0,,,177.0,149.0,25.0,
2023-01-08,45064.0,1008,,323.0,559.0,,,639.0,,59.0,330,,291.0,,,189.0,149.0,26.0,
2023-01-09,37068.0,2031,,318.0,585.0,,,782.0,,60.0,363,,304.0,,,171.0,115.0,124.0,
2023-01-10,31374.0,1660,,286.0,485.0,,,701.0,,53.0,321,,230.0,,,163.0,110.0,135.0,
2023-01-11,27652.0,1185,,279.0,449.0,,,638.0,,75.0,290,,268.0,,,138.0,106.0,149.0,
2023-01-12,24615.0,815,,340.0,509.0,,,628.0,,60.0,330,,246.0,,,174.0,104.0,134.0,
2023-01-13,23022.0,573,,324.0,513.0,,,1359.0,,67.0,318,,209.0,,,148.0,1243.0,151.0,
2023-01-14,26364.0,591,,327.0,552.0,,,5039.0,,60.0,349,,262.0,,,158.0,590.0,126.0,
2023-01-15,26167.0,553,,332.0,577.0,,,10595.0,,49.0,361,,298.0,,,190.0,497.0,132.0,
2023-01-16,22045.0,631,,321.0,532.0,,,10918.0,,55.0,390,,302.0,,,135.0,438.0,143.0,
2023-01-17,21478.0,609,,1382.0,2764.0,,,8549.0,,238.0,2478,,632.0,317.0,,1319.0,563.0,661.0,18.0
2023-01-18,21461.0,409,6.0,609.0,1280.0,,,6005.0,,149.0,949,,350.0,303.0,,569.0,517.0,280.0,2.0
2023-01-19,21018.0,430,1.0,388.0,891.0,,,5968.0,,104.0,633,,357.0,209.0,,333.0,465.0,219.0,0.0
2023-01-20,20828.0,448,,377.0,783.0,,,5813.0,,81.0,566,,304.0,231.0,,239.0,326.0,187.0,0.0
2023-01-21,20263.0,440,,396.0,738.0,,,8658.0,,93.0,471,,315.0,298.0,,207.0,308.0,154.0,0.0
2023-01-22,20263.0,457,,388.0,687.0,,,12704.0,,82.0,462,,356.0,297.0,,238.0,330.0,192.0,
2023-01-23,19325.0,447,1.0,332.0,662.0,,,13646.0,,70.0,493,,384.0,319.0,,223.0,275.0,204.0,
2023-01-24,16599.0,455,,308.0,581.0,,,9939.0,,94.0,397,,341.0,264.0,,199.0,232.0,168.0,
2023-01-25,16455.0,412,,285.0,642.0,,,8130.0,,60.0,393,,385.0,319.0,,209.0,255.0,158.0,
2023-01-26,14825.0,398,,255.0,660.0,,,7184.0,,77.0,387,,309.0,239.0,,168.0,710.0,158.0,
2023-01-27,13897.0,394,,379.0,576.0,,,6967.0,,83.0,363,,334.0,195.0,,191.0,409.0,170.0,
2023-01-28,15232.0,389,,332.0,611.0,,,9612.0,,67.0,411,,362.0,187.0,,174.0,317.0,145.0,0.0
2023-01-29,15854.0,399,,310.0,666.0,,,15266.0,,58.0,361,,544.0,257.0,,174.0,386.0,177.0,
2023-01-30,14564.0,379,,302.0,532.0,,,13623.0,,87.0,376,,554.0,201.0,,173.0,470.0,152.0,1.0
2023-01-31,12604.0,423,,282.0,461.0,,,9050.0,,73.0,337,,465.0,186.0,,140.0,341.0,154.0,
2023-02-01,11376.0,322,,249.0,506.0,,,7348.0,,63.0,328,,346.0,180.0,,139.0,332.0,131.0,
2023-02-02,11088.0,356,,249.0,468.0,,,6535.0,,65.0,264,,492.0,176.0,,149.0,379.0,143.0,
2023-02-03,10768.0,351,,249.0,488.0,,,6497.0,,42.0,355,,427.0,158.0,,143.0,319.0,169.0,
2023-02-04,11484.0,332,,288.0,534.0,,,10011.0,,52.0,369,,423.0,191.0,,122.0,367.0,145.0,0.0
2023-02-05,11931.0,334,,336.0,545.0,,,16479.0,,66.0,354,,500.0,180.0,,152.0,425.0,123.0,0.0
2023-02-06,10031.0,304,2.0,309.0,526.0,,,14513.0,,56.0,355,,401.0,164.0,,111.0,542.0,134.0,
2023-02-07,10299.0,326,,258.0,565.0,,,10542.0,,67.0,298,,455.0,164.0,,278.0,402.0,143.0,
2023-02-08,8330.0,280,,241.0,512.0,,,8767.0,,60.0,342,,375.0,136.0,,186.0,443.0,138.0,
2023-02-09,11091.0,324,,250.0,518.0,,,7823.0,,77.0,334,,316.0,168.0,,141.0,668.0,143.0,
2023-02-10,10626.0,290,,303.0,559.0,,,7698.0,,52.0,287,,524.0,141.0,,155.0,8984.0,143.0,
2023-02-11,10758.0,304,,405.0,538.0,,,11555.0,,60.0,318,,516.0,152.0,,170.0,18544.0,149.0,
2023-02-12,11020.0,320,,429.0,636.0,,,20064.0,,60.0,378,,553.0,174.0,,165.0,18321.0,162.0,
2023-02-13,8622.0,285,,369.0,591.0,,,15583.0,,66.0,276,,451.0,120.0,,135.0,10053.0,145.0,
2023-02-14,7044.0,270,2.0,626.0,576.0,,,9545.0,,62.0,273,,338.0,121.0,,167.0,9163.0,134.0,
2023-02-15,7202.0,236,,450.0,577.0,,,8002.0,,67.0,315,,448.0,108.0,,166.0,10438.0,137.0,
2023-02-16,7427.0,251,0.0,373.0,529.0,,,7875.0,,52.0,301,,556.0,146.0,,196.0,9709.0,106.0,
2023-02-17,7433.0,251,,393.0,601.0,,,9113.0,,56.0,273,,662.0,119.0,,148.0,11317.0,128.0,0.0
2023-02-18,8198.0,286,,373.0,662.0,,,14343.0,,39.0,307,,660.0,121.0,,161.0,12459.0,132.0,
2023-02-19,8053.0,344,,381.0,658.0,,,21312.0,,67.0,334,,929.0,156.0,,151.0,12189.0,150.0,0.0
2023-02-20,7461.0,310,,326.0,591.0,,,18662.0,,66.0,363,,844.0,148.0,,198.0,9988.0,143.0,
2023-02-21,7002.0,329,,347.0,691.0,,,10494.0,,70.0,345,,698.0,121.0,,185.0,8630.0,128.0,
2023-02-22,6661.0,293,,312.0,597.0,,,8246.0,,56.0,307,,643.0,120.0,,162.0,7655.0,135.0,
2023-02-23,9614.0,256,,303.0,575.0,,,7031.0,,67.0,327,,662.0,127.0,,385.0,6841.0,145.0,
2023-02-24,8446.0,313,0.0,266.0,591.0,,,6822.0,,76.0,295,,647.0,141.0,,324.0,6688.0,139.0,
2023-02-25,9230.0,348,,260.0,844.0,,,9712.0,,94.0,308,,734.0,138.0,,274.0,6857.0,140.0,
2023-02-26,9323.0,311,,327.0,753.0,,,15547.0,,78.0,303,,863.0,139.0,,210.0,6867.0,136.0,
2023-02-27,8247.0,255,,288.0,687.0,,,12964.0,,70.0,310,,692.0,149.0,,208.0,5229.0,142.0,
2023-02-28,8170.0,283,,296.0,645.0,,,8913.0,,77.0,312,,642.0,138.0,,147.0,4953.0,147.0,
2023-03-01,7601.0,298,2.0,260.0,583.0,,,7979.0,,61.0,283,,549.0,117.0,,132.0,4625.0,140.0,
2023-03-02,7918.0,252,1.0,233.0,518.0,,,7648.0,,63.0,269,,497.0,136.0,,115.0,4238.0,121.0,0.0
2023-03-03,7946.0,244,0.0,246.0,591.0,,,8003.0,,51.0,251,,500.0,122.0,,120.0,4040.0,139.0,
2023-03-04,9315.0,261,0.0,339.0,646.0,,,12610.0,,53.0,297,,622.0,145.0,,136.0,4608.0,141.0,
2023-03-05,9798.0,309,,300.0,838.0,,,22349.0,,71.0,300,,1046.0,209.0,,171.0,4766.0,148.0,
2023-03-06,9068.0,333,,289.0,769.0,,,21664.0,,75.0,351,,869.0,326.0,,153.0,3844.0,166.0,
2023-03-07,9455.0,320,,246.0,736.0,,,13060.0,,74.0,373,,696.0,332.0,,184.0,3647.0,172.0,
2023-03-08,10287.0,273,,242.0,807.0,,,10380.0,,51.0,317,,728.0,213.0,,144.0,3436.0,152.0,
2023-03-09,12085.0,258,,267.0,642.0,,,9072.0,,63.0,367,,638.0,216.0,,151.0,3386.0,158.0,
2023-03-10,57900.0,425,,248.0,612.0,,,7861.0,,60.0,395,,518.0,511.0,,201.0,3068.0,136.0,
2023-03-11,99310.0,320,1.0,253.0,627.0,,,7695.0,,54.0,415,,544.0,1063.0,,165.0,3416.0,128.0,
2023-03-12,102540.0,313,,338.0,741.0,,,8568.0,,65.0,470,,720.0,1263.0,,200.0,3691.0,143.0,
2023-03-13,85027.0,286,,283.0,587.0,,,7668.0,,47.0,405,,480.0,938.0,,180.0,3089.0,138.0,
2023-03-14,76773.0,252,,672.0,624.0,,,6262.0,,60.0,370,,438.0,777.0,,170.0,3371.0,177.0,
2023-03-15,70396.0,270,6.0,390.0,596.0,,,5708.0,,59.0,363,,457.0,1196.0,,139.0,2729.0,166.0,
2023-03-16,63536.0,288,,299.0,673.0,,,5294.0,,92.0,366,,478.0,938.0,,157.0,2604.0,156.0,0.0
2023-03-17,58958.0,405,,257.0,702.0,,,5036.0,,73.0,380,,426.0,620.0,,139.0,2710.0,125.0,
2023-03-18,57131.0,391,2.0,312.0,680.0,,,5405.0,,76.0,348,,505.0,568.0,,166.0,2893.0,150.0,
2023-03-19,57482.0,367,,279.0,740.0,,,6032.0,,62.0,410,,490.0,642.0,,193.0,3363.0,149.0,
2023-03-20,48576.0,293,,270.0,647.0,,,5272.0,,84.0,419,,453.0,538.0,,150.0,2861.0,132.0,
2023-03-21,42422.0,289,,517.0,711.0,,,4420.0,,52.0,387,,440.0,468.0,,169.0,2638.0,156.0,
2023-03-22,37681.0,296,,343.0,638.0,,,4109.0,,90.0,354,,384.0,630.0,,147.0,2370.0,152.0,
2023-03-23,34768.0,311,,305.0,599.0,,,4187.0,,62.0,367,,383.0,722.0,,131.0,2311.0,158.0,0.0
2023-03-24,31960.0,261,,281.0,607.0,,,3860.0,,71.0,338,,374.0,842.0,,160.0,2306.0,136.0,
2023-03-25,32685.0,293,,274.0,597.0,,,4093.0,,69.0,366,,441.0,626.0,,194.0,2646.0,174.0,
2023-03-26,34034.0,306,0.0,314.0,621.0,,,4912.0,,75.0,447,,493.0,750.0,,181.0,2667.0,182.0,
2023-03-27,28170.0,285,,248.0,624.0,,,3891.0,,88.0,393,,449.0,535.0,,158.0,2196.0,160.0,
2023-03-28,23489.0,319,,271.0,608.0,,,3670.0,,64.0,378,,410.0,406.0,,163.0,2071.0,150.0,0.0
2023-03-29,22278.0,297,,275.0,611.0,,,3657.0,,91.0,365,,389.0,609.0,,179.0,2066.0,148.0,
2023-03-30,20465.0,283,2.0,266.0,592.0,,,3444.0,,68.0,328,,361.0,467.0,,178.0,1900.0,182.0,
2023-03-31,19053.0,256,,232.0,590.0,,,3730.0,,75.0,347,,459.0,456.0,,210.0,1871.0,149.0,
2023-04-01,39070.0,285,,311.0,796.0,,,4143.0,,83.0,304,,552.0,1208.0,,176.0,1904.0,126.0,
2023-04-02,27505.0,310,1.0,301.0,807.0,,,4596.0,,69.0,312,,579.0,615.0,,208.0,1951.0,130.0,
2023-04-03,22343.0,227,,293.0,706.0,,,3823.0,,65.0,335,,427.0,455.0,,149.0,1778.0,157.0,
2023-04-04,18045.0,218,,268.0,668.0,,,3478.0,,63.0,333,,468.0,364.0,,155.0,1495.0,112.0,
2023-04-05,15162.0,250,0.0,240.0,551.0,,,2824.0,,45.0,270,,430.0,322.0,,151.0,1327.0,121.0,
2023-04-06,15256.0,218,,200.0,604.0,,,2778.0,,70.0,300,,403.0,278.0,,206.0,1250.0,106.0,
2023-04-07,16731.0,279,2.0,291.0,581.0,,,3390.0,,80.0,274,,476.0,333.0,,294.0,1391.0,104.0,
2023-04-08,16244.0,292,1.0,296.0,535.0,,,3137.0,,64.0,268,,448.0,317.0,,243.0,1412.0,132.0,0.0
2023-04-09,16937.0,312,,272.0,534.0,,,3243.0,,49.0,313,,455.0,314.0,,246.0,1655.0,113.0,
2023-04-10,16436.0,1442,9.0,298.0,519.0,,,2819.0,,55.0,378,,447.0,370.0,,240.0,1560.0,147.0,
2023-04-11,14475.0,765,8.0,260.0,742.0,,,2352.0,,82.0,311,,385.0,425.0,,204.0,1319.0,115.0,
2023-04-12,13219.0,465,4.0,288.0,871.0,,,2228.0,,58.0,327,,398.0,271.0,,182.0,1258.0,126.0,1.0
2023-04-13,13467.0,383,3.0,274.0,608.0,,,2157.0,,63.0,323,,385.0,259.0,,195.0,1256.0,121.0,
2023-04-14,12931.0,319,3.0,258.0,597.0,,,2124.0,,79.0,350,,393.0,283.0,,187.0,1262.0,159.0,0.0
2023-04-15,12798.0,324,1.0,235.0,607.0,,,2460.0,,58.0,270,,363.0,274.0,,153.0,1395.0,138.0,0.0
2023-04-16,12253.0,319,1.0,259.0,569.0,,,2660.0,,62.0,329,,429.0,333.0,,177.0,1477.0,151.0,
2023-04-17,10125.0,288,1.0,273.0,568.0,,,2284.0,,76.0,299,,412.0,295.0,,172.0,1277.0,145.0,
2023-04-18,9285.0,219,1.0,230.0,529.0,,,1932.0,,59.0,306,,344.0,888.0,,145.0,1191.0,143.0,
2023-04-19,9318.0,237,2.0,254.0,570.0,,,2079.0,,75.0,346,,345.0,643.0,,164.0,1252.0,108.0,0.0
2023-04-20,10088.0,225,1.0,288.0,558.0,,,2218.0,,80.0,290,,322.0,546.0,,124.0,1387.0,138.0,
2023-04-21,10122.0,237,2.0,281.0,569.0,,,2250.0,,73.0,316,,390.0,1049.0,,149.0,1387.0,128.0,
2023-04-22,10791.0,229,0.0,334.0,667.0,,,2362.0,,50.0,340,,336.0,579.0,,153.0,1609.0,128.0,
2023-04-23,11356.0,271,0.0,337.0,698.0,,,2432.0,,65.0,305,,389.0,684.0,,153.0,1444.0,128.0,
2023-04-24,10582.0,270,0.0,304.0,742.0,,,2460.0,,77.0,350,,396.0,775.0,,175.0,1312.0,121.0,
2023-04-25,10486.0,275,,296.0,825.0,,,2164.0,,64.0,338,,567.0,900.0,,158.0,1330.0,125.0,1.0
2023-04-26,9720.0,263,,315.0,696.0,,,2048.0,,84.0,377,,471.0,3761.0,,239.0,1247.0,164.0,0.0
2023-04-27,9796.0,234,,504.0,711.0,,,1868.0,,92.0,366,,381.0,12386.0,,208.0,1199.0,160.0,
2023-04-28,13153.0,290,,413.0,586.0,,,2852.0,,89.0,475,,496.0,15842.0,,284.0,1268.0,152.0,
2023-04-29,15876.0,291,,377.0,622.0,,,2883.0,,74.0,699,,458.0,10319.0,,336.0,1342.0,161.0,
2023-04-30,14918.0,325,,383.0,659.0,,,2603.0,,70.0,639,,507.0,7399.0,,254.0,1542.0,147.0,
2023-05-01,14027.0,323,,373.0,697.0,,,2763.0,,68.0,587,,449.0,6583.0,,325.0,1350.0,148.0,
2023-05-02,11642.0,290,,307.0,615.0,,,2369.0,,53.0,479,,397.0,4698.0,,252.0,1308.0,110.0,
2023-05-03,10705.0,231,,349.0,459.0,,,2242.0,,51.0,505,,822.0,6398.0,,174.0,1295.0,112.0,
2023-05-04,10428.0,266,,2305.0,519.0,,,2200.0,,63.0,461,,579.0,12261.0,,189.0,1225.0,112.0,
2023-05-05,9935.0,283,,1191.0,496.0,,,2275.0,,58.0,467,,585.0,15788.0,,253.0,1088.0,116.0,
2023-05-06,9983.0,260,,902.0,555.0,,,2184.0,,64.0,487,,495.0,13022.0,,255.0,1205.0,132.0,
2023-05-07,10737.0,243,,751.0,533.0,,,2392.0,,55.0,502,,425.0,11167.0,,289.0,1430.0,131.0,0.0
2023-05-08,10016.0,252,,717.0,555.0,,,2173.0,,82.0,502,,438.0,8033.0,,626.0,1458.0,163.0,
2023-05-09,8902.0,228,,614.0,499.0,,,2100.0,,49.0,464,,455.0,7396.0,,373.0,1376.0,140.0,0.0
2023-05-10,8702.0,237,,624.0,689.0,,,1806.0,,63.0,425,,1012.0,10015.0,,305.0,1189.0,125.0,
2023-05-11,8319.0,207,,717.0,514.0,,,1926.0,,53.0,371,,776.0,14141.0,,294.0,1134.0,110.0,
2023-05-12,7518.0,200,,1070.0,531.0,,,2090.0,,54.0,438,,847.0,12823.0,,301.0,1198.0,110.0,
2023-05-13,8144.0,228,,920.0,467.0,,,2127.0,,52.0,464,,680.0,9655.0,,326.0,1099.0,121.0,
2023-05-14,8645.0,227,,714.0,540.0,,,2284.0,,63.0,424,,513.0,8586.0,,294.0,1050.0,108.0,
2023-05-15,7719.0,196,,589.0,516.0,,,2142.0,,70.0,430,,644.0,6703.0,,258.0,869.0,115.0,
2023-05-16,7138.0,170,,1069.0,402.0,,,2016.0,,46.0,357,,922.0,6161.0,,248.0,1006.0,96.0,
2023-05-17,6874.0,172,,681.0,623.0,,,1807.0,,64.0,409,,965.0,8188.0,,249.0,964.0,115.0,
2023-05-18,6733.0,197,,1076.0,524.0,,,1750.0,,51.0,333,,736.0,11265.0,,266.0,815.0,101.0,
2023-05-19,6784.0,204,,923.0,481.0,,,1772.0,,59.0,337,,705.0,12296.0,,237.0,741.0,95.0,
2023-05-20,6929.0,225,,742.0,561.0,,,1873.0,,57.0,419,,664.0,10229.0,,228.0,947.0,100.0,
2023-05-21,7549.0,204,,712.0,543.0,,,1933.0,,60.0,468,,570.0,9091.0,,330.0,1048.0,125.0,0.0
2023-05-22,6947.0,246,,752.0,503.0,,,1674.0,,66.0,411,,527.0,7375.0,,259.0,836.0,110.0,
2023-05-23,6512.0,237,,1063.0,542.0,,,1578.0,,100.0,364,,654.0,6513.0,,247.0,833.0,101.0,
2023-05-24,6257.0,196,,559.0,498.0,,,1610.0,,70.0,362,,655.0,8579.0,1408.0,250.0,789.0,118.0,
2023-05-25,6036.0,202,,923.0,442.0,,,1583.0,,349.0,354,,632.0,11772.0,584.0,211.0,733.0,134.0,
2023-05-26,5894.0,191,,1008.0,457.0,,,1551.0,,194.0,378,,692.0,11804.0,398.0,256.0,829.0,107.0,
2023-05-27,6075.0,216,,743.0,456.0,,,1511.0,,115.0,513,,592.0,9692.0,291.0,294.0,954.0,139.0,
2023-05-28,6300.0,203,,502.0,506.0,,,1883.0,,128.0,501,,510.0,8487.0,353.0,384.0,897.0,115.0,
2023-05-29,6120.0,206,,567.0,475.0,,,1767.0,,111.0,501,,561.0,7449.0,323.0,357.0,856.0,123.0,
2023-05-30,5950.0,227,,544.0,515.0,,,1512.0,,109.0,463,,642.0,7024.0,308.0,338.0,867.0,112.0,
2023-05-31,5614.0,257,,534.0,466.0,,,1465.0,,2920.0,404,,700.0,9816.0,644.0,314.0,835.0,121.0,
2023-06-01,5646.0,230,,813.0,470.0,,,1527.0,,1397.0,377,,595.0,13289.0,513.0,279.0,838.0,120.0,
2023-06-02,5349.0,234,,694.0,505.0,,,1533.0,,1040.0,360,,940.0,13280.0,359.0,287.0,848.0,162.0,
2023-06-03,5724.0,188,,659.0,490.0,,,1725.0,,768.0,433,,730.0,10232.0,360.0,305.0,1115.0,113.0,
2023-06-04,6060.0,212,,750.0,533.0,,,1799.0,,676.0,452,,666.0,9316.0,299.0,375.0,975.0,144.0,
2023-06-05,5548.0,214,,706.0,488.0,,,1694.0,,588.0,443,,729.0,8041.0,332.0,410.0,897.0,108.0,
2023-06-06,5438.0,218,,2028.0,456.0,,,1540.0,,492.0,3893,,1093.0,7337.0,252.0,1025.0,853.0,106.0,5.0
2023-06-07,5451.0,217,,1493.0,454.0,,,1489.0,,366.0,2891,,942.0,10826.0,506.0,658.0,856.0,147.0,0.0
2023-06-08,5455.0,224,,1183.0,460.0,,,1399.0,,328.0,1446,,749.0,19681.0,316.0,480.0,815.0,166.0,3.0
2023-06-09,5327.0,217,,1719.0,472.0,,,1402.0,,294.0,1009,,724.0,21175.0,343.0,472.0,853.0,173.0,0.0
2023-06-10,5482.0,181,,2385.0,479.0,,,1602.0,,285.0,850,,852.0,13426.0,328.0,407.0,968.0,123.0,
2023-06-11,5895.0,260,,1612.0,504.0,,,1502.0,,253.0,802,,862.0,11863.0,363.0,439.0,1052.0,134.0,2.0
2023-06-12,5665.0,266,,1874.0,441.0,,,1459.0,,234.0,822,,1718.0,9279.0,981.0,417.0,948.0,132.0,
2023-06-13,5185.0,272,,1657.0,479.0,,,1364.0,,198.0,739,,1546.0,7910.0,576.0,326.0,881.0,125.0,1.0
2023-06-14,5437.0,256,,3159.0,499.0,,,1373.0,,266.0,619,,1335.0,7692.0,994.0,399.0,962.0,103.0,2.0
2023-06-15,5378.0,721,,2864.0,503.0,,,1245.0,,666.0,499,,1209.0,5831.0,644.0,371.0,882.0,111.0,3.0
2023-06-16,5217.0,516,,3446.0,501.0,,,1481.0,,336.0,671,,1356.0,5904.0,488.0,288.0,954.0,97.0,2.0
2023-06-17,5513.0,359,,15732.0,790.0,,,1501.0,,390.0,861,,7876.0,6380.0,440.0,449.0,1071.0,167.0,2.0
2023-06-18,6482.0,304,,42913.0,2253.0,,,1548.0,,494.0,2403,,22155.0,6332.0,479.0,1825.0,1336.0,426.0,4.0
2023-06-19,5801.0,291,,35182.0,1386.0,,,1618.0,,403.0,1345,,20800.0,5143.0,445.0,1047.0,1069.0,193.0,1.0
2023-06-20,5500.0,307,,22991.0,1219.0,,,1432.0,,333.0,981,,12532.0,4491.0,454.0,746.0,1074.0,272.0,1.0
2023-06-21,5573.0,1042,,18242.0,1118.0,,,1573.0,,268.0,934,,9512.0,4653.0,526.0,634.0,971.0,193.0,
2023-06-22,5063.0,572,,15413.0,867.0,,,1337.0,,333.0,812,,7579.0,4295.0,440.0,485.0,1036.0,156.0,1.0
2023-06-23,5058.0,323,,14583.0,728.0,,,1417.0,,598.0,922,,7565.0,4376.0,400.0,425.0,1135.0,147.0,2.0
2023-06-24,5315.0,310,,20379.0,622.0,,,1473.0,,509.0,756,,10578.0,4603.0,344.0,421.0,1153.0,128.0,2.0
2023-06-25,5540.0,316,,29677.0,633.0,,,1665.0,,498.0,696,,18592.0,4697.0,396.0,559.0,1283.0,122.0,2.0
2023-06-26,4880.0,347,,27116.0,724.0,,,1561.0,,608.0,723,,15543.0,3938.0,408.0,484.0,1154.0,130.0,
2023-06-27,5028.0,527,,18277.0,648.0,,,1545.0,,536.0,683,,9514.0,3816.0,1189.0,449.0,1054.0,154.0,
2023-06-28,4856.0,466,,15175.0,663.0,,,1497.0,,747.0,603,,7444.0,3551.0,775.0,456.0,1059.0,138.0,1.0
2023-06-29,5122.0,538,,13549.0,603.0,,,1477.0,,1902.0,653,,7470.0,3175.0,581.0,441.0,1015.0,110.0,2.0
2023-06-30,4887.0,491,,13231.0,570.0,,,1471.0,,21925.0,510,,7231.0,2988.0,565.0,356.0,990.0,150.0,1.0
2023-07-01,4769.0,391,,19765.0,1002.0,,,1516.0,,45721.0,495,,10794.0,3034.0,483.0,373.0,925.0,165.0,
2023-07-02,5160.0,378,,30627.0,727.0,,,1620.0,,48529.0,528,,18407.0,3012.0,556.0,368.0,1031.0,200.0,
2023-07-03,4889.0,330,,31063.0,769.0,,,1605.0,,44632.0,497,,14965.0,2426.0,502.0,358.0,953.0,202.0,
2023-07-04,4785.0,348,,19182.0,766.0,,,1426.0,,46015.0,486,,9348.0,2348.0,528.0,294.0,985.0,215.0,4.0
2023-07-05,4703.0,410,,14472.0,651.0,,,1234.0,,41367.0,516,,8092.0,2270.0,868.0,358.0,932.0,184.0,1.0
2023-07-06,4638.0,890,,13329.0,653.0,,,1260.0,,36106.0,432,,6764.0,2203.0,629.0,363.0,803.0,158.0,3.0
2023-07-07,4654.0,535,,12998.0,584.0,,,1241.0,,34242.0,455,,6622.0,2208.0,455.0,327.0,817.0,170.0,0.0
2023-07-08,4918.0,459,,19380.0,616.0,,,1420.0,,34968.0,414,,9418.0,2397.0,416.0,342.0,900.0,191.0,0.0
2023-07-09,5138.0,491,,37556.0,701.0,,,1499.0,,30818.0,449,,15092.0,2564.0,452.0,344.0,1006.0,167.0,
2023-07-10,5289.0,481,,36613.0,588.0,,,1414.0,,24501.0,402,,13050.0,2240.0,450.0,372.0,875.0,166.0,1.0
2023-07-11,5147.0,528,,24260.0,513.0,,,1243.0,,22196.0,395,,8921.0,2074.0,624.0,323.0,858.0,177.0,1.0
2023-07-12,5039.0,455,,19794.0,692.0,52.0,,1178.0,,20367.0,385,,7618.0,2098.0,482.0,329.0,742.0,151.0,1.0
2023-07-13,5536.0,437,,15793.0,905.0,69.0,,1221.0,,18241.0,432,,7076.0,1809.0,548.0,300.0,747.0,190.0,0.0
2023-07-14,6115.0,387,,16843.0,1984.0,32.0,,1096.0,,14846.0,347,,6534.0,1838.0,464.0,288.0,714.0,151.0,1.0
2023-07-15,6281.0,642,,23083.0,1427.0,35.0,,1181.0,,16168.0,333,,8979.0,1870.0,415.0,286.0,797.0,127.0,1.0
2023-07-16,6159.0,491,,31233.0,986.0,37.0,,1301.0,,16461.0,345,,13305.0,1751.0,379.0,284.0,770.0,169.0,3.0
2023-07-17,5462.0,494,,26963.0,812.0,24.0,,1129.0,,13559.0,360,,11029.0,1522.0,465.0,274.0,708.0,131.0,0.0
2023-07-18,5235.0,408,,19278.0,658.0,27.0,,1118.0,,12478.0,417,,8120.0,1429.0,633.0,267.0,662.0,143.0,
2023-07-19,5771.0,931,,16323.0,691.0,45.0,,1085.0,,11389.0,422,,7263.0,1390.0,596.0,340.0,634.0,165.0,2.0
2023-07-20,5504.0,705,,14739.0,661.0,36.0,,1000.0,323.0,10520.0,390,,7084.0,1404.0,493.0,311.0,580.0,163.0,3.0
2023-07-21,5319.0,641,,14599.0,726.0,45.0,,1042.0,393.0,9777.0,324,,6760.0,1322.0,485.0,347.0,723.0,333.0,
2023-07-22,5321.0,844,,18972.0,740.0,27.0,,1111.0,469.0,9869.0,356,,9383.0,1546.0,451.0,315.0,716.0,257.0,1.0
2023-07-23,5455.0,795,,31076.0,745.0,45.0,,1101.0,716.0,8919.0,402,,17553.0,1522.0,530.0,329.0,917.0,234.0,1.0
2023-07-24,5029.0,732,,27091.0,695.0,41.0,,1205.0,749.0,7850.0,376,,16044.0,1324.0,841.0,263.0,765.0,229.0,0.0
2023-07-25,4755.0,815,,18207.0,686.0,30.0,,1099.0,592.0,6846.0,361,,10413.0,1291.0,970.0,313.0,662.0,169.0,1.0
2023-07-26,4697.0,635,,15508.0,866.0,21.0,,946.0,499.0,6204.0,355,,8579.0,1247.0,753.0,275.0,752.0,189.0,
2023-07-27,4584.0,579,,14040.0,754.0,23.0,,998.0,469.0,6125.0,527,,7607.0,1339.0,841.0,331.0,700.0,154.0,2.0
2023-07-28,4574.0,591,,13847.0,663.0,43.0,,1016.0,431.0,5536.0,599,,6685.0,1096.0,734.0,250.0,751.0,148.0,1.0
2023-07-29,4915.0,601,,19241.0,678.0,37.0,,1055.0,441.0,5586.0,530,,7385.0,1349.0,665.0,238.0,772.0,180.0,2.0
2023-07-30,5172.0,608,,27329.0,665.0,32.0,,1185.0,496.0,5384.0,509,,7154.0,1487.0,873.0,267.0,687.0,202.0,0.0
2023-07-31,5031.0,658,,23064.0,641.0,32.0,,1057.0,433.0,4877.0,495,,6027.0,1315.0,5519.0,193.0,726.0,187.0,
2023-08-01,4578.0,654,,16745.0,627.0,23.0,,984.0,418.0,4671.0,435,,5219.0,1364.0,18124.0,225.0,678.0,178.0,3.0
2023-08-02,4440.0,1067,,14230.0,647.0,36.0,,893.0,596.0,4412.0,535,,4757.0,1180.0,18273.0,237.0,605.0,159.0,1.0
2023-08-03,4472.0,1447,,13939.0,672.0,24.0,,876.0,649.0,4191.0,450,,18113.0,1301.0,15564.0,245.0,680.0,136.0,3.0
2023-08-04,4207.0,1698,,13869.0,852.0,21.0,,962.0,500.0,4192.0,441,,7990.0,1329.0,13673.0,203.0,706.0,148.0,2.0
2023-08-05,4499.0,1150,,21052.0,731.0,23.0,,970.0,424.0,4406.0,385,,6079.0,1395.0,12511.0,212.0,763.0,156.0,
2023-08-06,5369.0,1044,,34691.0,760.0,21.0,,1027.0,476.0,4295.0,387,,5749.0,1452.0,10228.0,253.0,808.0,177.0,
2023-08-07,4502.0,1157,,29063.0,651.0,41.0,,1016.0,447.0,3818.0,393,,4918.0,1363.0,12457.0,246.0,790.0,210.0,2.0
2023-08-08,4113.0,1672,,17588.0,667.0,38.0,,964.0,452.0,3655.0,398,,4466.0,1245.0,17443.0,206.0,759.0,175.0,
2023-08-09,3939.0,18291,,15120.0,802.0,35.0,,882.0,412.0,3728.0,368,,4318.0,1201.0,19427.0,245.0,685.0,156.0,1.0
2023-08-10,3943.0,38798,,13258.0,732.0,34.0,,861.0,382.0,3726.0,358,,3821.0,1213.0,15571.0,214.0,744.0,141.0,0.0
2023-08-11,3950.0,34144,,11608.0,677.0,28.0,,918.0,357.0,3373.0,5474,,3594.0,1236.0,11963.0,226.0,671.0,135.0,1.0
2023-08-12,3957.0,39816,,11205.0,588.0,83.0,,928.0,415.0,3462.0,2431,,3786.0,1299.0,9658.0,230.0,752.0,136.0,2.0
2023-08-13,4342.0,40937,,11424.0,609.0,72.0,,948.0,472.0,3559.0,1809,,3894.0,1284.0,10159.0,224.0,778.0,126.0,
2023-08-14,4247.0,32042,,10069.0,628.0,80.0,,987.0,597.0,3273.0,1644,,3342.0,1198.0,11889.0,266.0,714.0,148.0,
2023-08-15,4129.0,27779,,9268.0,619.0,62.0,,879.0,439.0,3092.0,1760,,3283.0,1181.0,13949.0,194.0,822.0,139.0,1.0
2023-08-16,3795.0,32964,,8746.0,569.0,68.0,,831.0,380.0,2944.0,1110,,3114.0,1092.0,11941.0,259.0,794.0,134.0,1.0
2023-08-17,3779.0,43471,,8298.0,610.0,166.0,,867.0,400.0,2592.0,913,,2986.0,1005.0,9551.0,280.0,764.0,159.0,2.0
2023-08-18,3945.0,38017,,8236.0,599.0,477.0,,931.0,309.0,2476.0,1052,,2919.0,1030.0,9145.0,250.0,724.0,138.0,3.0
2023-08-19,4499.0,36017,,8843.0,555.0,367.0,,957.0,372.0,2988.0,950,,3049.0,1176.0,8838.0,260.0,753.0,114.0,0.0
2023-08-20,5129.0,35247,,8976.0,516.0,293.0,,1128.0,403.0,3189.0,935,4.0,2937.0,1227.0,9073.0,281.0,830.0,163.0,
2023-08-21,4687.0,31420,,7840.0,494.0,360.0,,993.0,399.0,2983.0,824,,2815.0,1093.0,11409.0,278.0,679.0,139.0,1.0
2023-08-22,4192.0,28788,0.0,7028.0,623.0,481.0,,970.0,361.0,2795.0,979,1.0,2740.0,1051.0,13303.0,265.0,745.0,133.0,2.0
2023-08-23,3852.0,36812,,7058.0,587.0,560.0,,963.0,398.0,2848.0,805,,2736.0,1127.0,11284.0,217.0,727.0,133.0,3.0
2023-08-24,3839.0,31949,,6978.0,506.0,428.0,,882.0,339.0,2766.0,3759,,2644.0,1057.0,8981.0,229.0,822.0,101.0,5.0
2023-08-25,3753.0,30794,,6843.0,490.0,289.0,,919.0,367.0,2803.0,2061,,2474.0,1075.0,8027.0,269.0,760.0,123.0,5.0
2023-08-26,4201.0,32759,,7436.0,519.0,259.0,,1109.0,402.0,3025.0,1655,3.0,2625.0,1319.0,8197.0,209.0,842.0,141.0,2.0
2023-08-27,5113.0,34085,,7400.0,615.0,242.0,,1030.0,409.0,2993.0,1456,,2944.0,1316.0,8737.0,235.0,946.0,177.0,1.0
2023-08-28,4424.0,30099,,6875.0,796.0,1253.0,,927.0,492.0,2902.0,1528,40.0,2632.0,1152.0,11819.0,241.0,781.0,129.0,0.0
2023-08-29,4062.0,27608,,6049.0,610.0,618.0,,939.0,352.0,2763.0,1143,73.0,2404.0,1140.0,15637.0,209.0,836.0,131.0,1.0
2023-08-30,3793.0,36496,,5865.0,455.0,513.0,,954.0,359.0,2630.0,962,60.0,2296.0,1045.0,11743.0,209.0,713.0,116.0,0.0
2023-08-31,3559.0,33226,,5943.0,519.0,556.0,,909.0,520.0,2262.0,1030,67.0,2420.0,994.0,8163.0,170.0,669.0,118.0,1.0
2023-09-01,3397.0,28266,,5616.0,467.0,624.0,,951.0,374.0,2436.0,2182,74.0,2172.0,978.0,7437.0,195.0,743.0,125.0,1.0
2023-09-02,3898.0,29019,,5773.0,492.0,433.0,,992.0,346.0,2414.0,1839,66.0,2207.0,982.0,7688.0,184.0,710.0,118.0,1.0
2023-09-03,4129.0,28653,,6141.0,552.0,352.0,,1084.0,427.0,2597.0,1765,106.0,2301.0,1010.0,8307.0,219.0,738.0,164.0,3.0
2023-09-04,4492.0,25247,,5468.0,607.0,503.0,,1049.0,407.0,2164.0,2142,119.0,2177.0,972.0,9405.0,249.0,725.0,186.0,
2023-09-05,3805.0,23979,,5111.0,619.0,433.0,,954.0,338.0,2134.0,1736,75.0,2014.0,802.0,10743.0,205.0,626.0,156.0,
2023-09-06,4152.0,33197,,4728.0,470.0,427.0,,921.0,329.0,2009.0,1986,69.0,1839.0,801.0,9653.0,197.0,552.0,140.0,1.0
2023-09-07,3822.0,29726,,4489.0,433.0,348.0,,800.0,346.0,2040.0,2968,108.0,1790.0,773.0,7219.0,174.0,500.0,104.0,1.0
2023-09-08,3562.0,24992,,4513.0,457.0,335.0,,883.0,295.0,1960.0,40529,90.0,1756.0,749.0,6288.0,191.0,576.0,132.0,2.0
2023-09-09,4891.0,25750,,4924.0,468.0,291.0,,897.0,324.0,1926.0,64611,84.0,1893.0,756.0,6540.0,185.0,629.0,171.0,3.0
2023-09-10,4990.0,25625,,5178.0,504.0,343.0,,1021.0,370.0,2109.0,53111,116.0,1949.0,781.0,6731.0,256.0,704.0,166.0,0.0
2023-09-11,4445.0,21510,,4596.0,498.0,567.0,,922.0,454.0,1920.0,39832,172.0,1682.0,790.0,8009.0,227.0,605.0,152.0,1.0
2023-09-12,3709.0,20930,,4373.0,470.0,512.0,,888.0,349.0,1802.0,31212,288.0,1610.0,720.0,10255.0,240.0,525.0,156.0,0.0
2023-09-13,3501.0,33850,,4111.0,430.0,455.0,,831.0,287.0,1752.0,25818,207.0,1616.0,705.0,9912.0,209.0,638.0,133.0,0.0
2023-09-14,3436.0,29217,,4230.0,503.0,464.0,,852.0,372.0,1689.0,23101,251.0,1571.0,713.0,7302.0,210.0,617.0,118.0,2.0
2023-09-15,3388.0,22803,,4116.0,408.0,447.0,,894.0,324.0,1592.0,20949,307.0,1591.0,785.0,6439.0,218.0,669.0,118.0,0.0
2023-09-16,3680.0,24417,,4699.0,467.0,316.0,,923.0,379.0,1775.0,21832,175.0,1860.0,849.0,6742.0,261.0,701.0,153.0,4.0
2023-09-17,4174.0,24530,,4860.0,529.0,384.0,,941.0,481.0,1774.0,20790,223.0,1902.0,991.0,7157.0,259.0,739.0,119.0,1.0
2023-09-18,3588.0,22319,,4377.0,505.0,431.0,,1004.0,470.0,1689.0,17656,167.0,1727.0,888.0,8678.0,308.0,684.0,139.0,1.0
2023-09-19,3239.0,22981,,4189.0,527.0,476.0,,950.0,405.0,1500.0,15464,161.0,1592.0,852.0,11059.0,315.0,733.0,161.0,1.0
2023-09-20,3196.0,42938,,3957.0,566.0,390.0,,771.0,377.0,1306.0,12484,212.0,1558.0,819.0,9543.0,289.0,763.0,119.0,1.0
2023-09-21,3061.0,37811,,3992.0,644.0,620.0,,799.0,465.0,1186.0,11238,207.0,1490.0,766.0,6928.0,5142.0,718.0,148.0,1.0
2023-09-22,3125.0,30167,,3786.0,632.0,1209.0,,854.0,470.0,1317.0,10400,176.0,1607.0,926.0,5797.0,2397.0,532.0,128.0,2.0
2023-09-23,3336.0,29264,,4164.0,559.0,1486.0,,906.0,463.0,1339.0,11309,178.0,1578.0,973.0,5704.0,1557.0,675.0,144.0,1.0
2023-09-24,3418.0,25632,,4329.0,689.0,1632.0,,949.0,471.0,1266.0,11185,203.0,1682.0,924.0,5481.0,1152.0,720.0,154.0,1.0
2023-09-25,3205.0,17988,,3689.0,634.0,6337.0,,885.0,448.0,1211.0,9190,178.0,1457.0,809.0,4337.0,1525.0,685.0,131.0,1.0
2023-09-26,3139.0,16948,,3465.0,586.0,15395.0,,820.0,399.0,1134.0,8073,160.0,1625.0,786.0,4040.0,932.0,609.0,135.0,2.0
2023-09-27,3050.0,13012,,3198.0,731.0,15349.0,,856.0,720.0,1236.0,7172,207.0,1455.0,744.0,3605.0,862.0,672.0,125.0,0.0
2023-09-28,3286.0,10762,,3341.0,848.0,10866.0,,772.0,818.0,1280.0,7646,198.0,1447.0,744.0,3464.0,1123.0,630.0,161.0,2.0
2023-09-29,3073.0,8058,,3170.0,723.0,7667.0,,800.0,738.0,1161.0,6697,241.0,1337.0,751.0,3182.0,1031.0,641.0,156.0,0.0
2023-09-30,3002.0,1595,198.0,3372.0,710.0,6582.0,,801.0,665.0,1163.0,7476,253.0,1339.0,774.0,3461.0,818.0,648.0,169.0,1.0
2023-10-01,3153.0,1089,343.0,3455.0,707.0,6687.0,,879.0,720.0,1255.0,7276,318.0,1455.0,848.0,3471.0,749.0,725.0,198.0,0.0
2023-10-02,2956.0,950,322.0,3180.0,676.0,7723.0,,754.0,656.0,1177.0,6593,306.0,1339.0,782.0,3339.0,1061.0,719.0,191.0,0.0
2023-10-03,3145.0,780,305.0,3070.0,643.0,10586.0,,793.0,510.0,1193.0,5925,191.0,1252.0,647.0,2601.0,784.0,613.0,166.0,2.0
2023-10-04,3047.0,675,301.0,2735.0,755.0,9999.0,,825.0,630.0,1151.0,5479,196.0,1289.0,644.0,2424.0,3710.0,611.0,131.0,1.0
2023-10-05,2910.0,703,313.0,2765.0,790.0,7610.0,,682.0,820.0,1119.0,5214,150.0,1155.0,618.0,2480.0,2065.0,612.0,2959.0,0.0
2023-10-06,2849.0,575,284.0,2601.0,693.0,6508.0,,738.0,747.0,1101.0,5080,171.0,1297.0,666.0,2557.0,1402.0,731.0,1130.0,1.0
2023-10-07,3100.0,641,274.0,2761.0,677.0,6409.0,,794.0,756.0,1160.0,5424,185.0,1314.0,705.0,2690.0,1171.0,1017.0,806.0,3.0
2023-10-08,3339.0,824,281.0,2956.0,710.0,6867.0,,793.0,764.0,1145.0,5446,183.0,1566.0,762.0,2661.0,1178.0,1033.0,656.0,3.0
2023-10-09,2900.0,725,315.0,2826.0,601.0,7927.0,,747.0,651.0,1078.0,4966,214.0,1374.0,663.0,2457.0,973.0,932.0,462.0,2.0
2023-10-10,2794.0,577,319.0,2543.0,560.0,14802.0,,747.0,575.0,1156.0,4595,225.0,1220.0,748.0,2308.0,1085.0,996.0,449.0,0.0
2023-10-11,2995.0,469,595.0,2544.0,596.0,15243.0,,788.0,594.0,1347.0,4258,211.0,1354.0,692.0,2195.0,1358.0,889.0,458.0,1.0
2023-10-12,3150.0,429,1482.0,2741.0,581.0,12057.0,,751.0,562.0,1379.0,4316,211.0,1348.0,683.0,2235.0,786.0,873.0,387.0,3.0
2023-10-13,3105.0,383,4613.0,2915.0,592.0,11514.0,,757.0,560.0,1403.0,4368,204.0,1349.0,691.0,2189.0,851.0,857.0,426.0,8.0
2023-10-14,3104.0,467,3464.0,3711.0,643.0,10773.0,,830.0,618.0,1456.0,4543,236.0,1325.0,734.0,2379.0,777.0,849.0,548.0,1.0
2023-10-15,3318.0,526,2233.0,3881.0,676.0,13154.0,,866.0,626.0,1648.0,4541,254.0,1387.0,869.0,2601.0,1017.0,778.0,762.0,2.0
2023-10-16,3135.0,401,1669.0,3420.0,666.0,16007.0,,815.0,560.0,1370.0,4110,269.0,1373.0,764.0,2302.0,957.0,743.0,551.0,2.0
2023-10-17,2799.0,336,1720.0,2915.0,652.0,20278.0,,807.0,527.0,1293.0,3718,213.0,1149.0,706.0,2228.0,1059.0,626.0,618.0,0.0
2023-10-18,2752.0,310,1411.0,2764.0,683.0,20505.0,,807.0,694.0,1303.0,3625,306.0,1181.0,707.0,2255.0,1794.0,650.0,575.0,
2023-10-19,2629.0,307,1291.0,2671.0,768.0,17039.0,,743.0,701.0,1316.0,3448,245.0,1229.0,767.0,2024.0,3503.0,627.0,1594.0,1.0
2023-10-20,2639.0,310,1160.0,2750.0,652.0,15822.0,,753.0,687.0,1317.0,3232,292.0,1193.0,711.0,1918.0,33964.0,681.0,729.0,0.0
2023-10-21,2852.0,370,978.0,2936.0,697.0,15519.0,,843.0,1079.0,1355.0,3555,285.0,1373.0,822.0,2091.0,57527.0,752.0,469.0,2.0
2023-10-22,2978.0,407,1071.0,3063.0,825.0,14626.0,,837.0,956.0,1367.0,3532,395.0,1363.0,851.0,2216.0,55456.0,756.0,444.0,0.0
2023-10-23,2748.0,286,920.0,2784.0,686.0,17074.0,,764.0,830.0,1294.0,3217,398.0,1209.0,754.0,2197.0,41387.0,647.0,393.0,0.0
2023-10-24,2832.0,293,920.0,2607.0,710.0,22956.0,,763.0,922.0,1219.0,3166,312.0,1527.0,728.0,2118.0,31298.0,573.0,367.0,3.0
2023-10-25,2567.0,236,1164.0,2513.0,759.0,22953.0,,821.0,976.0,1223.0,2932,349.0,1438.0,730.0,2066.0,25418.0,573.0,353.0,1.0
2023-10-26,2621.0,245,1419.0,2699.0,860.0,17758.0,,742.0,893.0,1219.0,2939,384.0,1210.0,705.0,1872.0,21548.0,653.0,323.0,1.0
2023-10-27,2660.0,261,3229.0,2629.0,709.0,15796.0,,759.0,798.0,1011.0,2823,563.0,1225.0,608.0,1734.0,18134.0,580.0,286.0,1.0
2023-10-28,2859.0,293,3004.0,2637.0,740.0,15866.0,,900.0,753.0,1160.0,2939,2348.0,1447.0,730.0,1880.0,16867.0,691.0,307.0,
2023-10-29,3023.0,267,2045.0,2701.0,738.0,15265.0,,832.0,733.0,1134.0,2955,7336.0,1529.0,746.0,1961.0,17017.0,749.0,352.0,2.0
2023-10-30,3162.0,234,2917.0,2540.0,690.0,18268.0,,780.0,602.0,1210.0,2760,9401.0,1385.0,727.0,1583.0,14448.0,733.0,577.0,1.0
2023-10-31,2753.0,1239,2739.0,2297.0,707.0,21152.0,,736.0,595.0,1118.0,2509,8359.0,1179.0,628.0,1758.0,12284.0,721.0,565.0,1.0
2023-11-01,2750.0,3840,2387.0,2314.0,793.0,20004.0,,649.0,588.0,1298.0,2609,8496.0,1169.0,671.0,1886.0,11435.0,657.0,996.0,0.0
2023-11-02,2606.0,5480,1685.0,2393.0,601.0,15267.0,,679.0,3285.0,1133.0,2499,8182.0,1291.0,645.0,2011.0,9587.0,610.0,1243.0,0.0
2023-11-03,2692.0,4639,2162.0,2430.0,630.0,12775.0,,713.0,2104.0,1134.0,2480,7584.0,1334.0,627.0,1942.0,8092.0,665.0,12486.0,1.0
2023-11-04,2723.0,5361,1693.0,2606.0,775.0,13109.0,,749.0,1514.0,1245.0,2623,10203.0,1291.0,665.0,1673.0,8437.0,735.0,17052.0,0.0
2023-11-05,2891.0,5040,1521.0,2643.0,820.0,12629.0,,791.0,1236.0,1314.0,2600,12520.0,1336.0,758.0,1625.0,8606.0,795.0,15121.0,0.0
2023-11-06,2751.0,4173,1626.0,2460.0,814.0,16346.0,,724.0,1095.0,1281.0,2149,11255.0,1191.0,725.0,1518.0,6865.0,666.0,12464.0,
2023-11-07,2579.0,4531,1550.0,2211.0,724.0,23591.0,,679.0,1074.0,2294.0,2017,9219.0,1095.0,642.0,1367.0,6571.0,562.0,11434.0,1.0
2023-11-08,2425.0,3934,1516.0,2216.0,700.0,23501.0,,660.0,957.0,1593.0,2061,7988.0,1106.0,554.0,1346.0,6116.0,535.0,10902.0,
2023-11-09,2231.0,4050,1675.0,2065.0,734.0,18808.0,,649.0,2289.0,1450.0,1958,8206.0,1109.0,687.0,1369.0,5526.0,696.0,10057.0,0.0
2023-11-10,2450.0,3694,4105.0,2183.0,658.0,16693.0,4.0,722.0,1776.0,1533.0,2018,8139.0,1104.0,686.0,1467.0,5551.0,632.0,9359.0,2.0
2023-11-11,2655.0,4374,4352.0,2393.0,1209.0,16557.0,4.0,759.0,1726.0,1488.0,2200,11342.0,1216.0,676.0,1855.0,5805.0,707.0,9370.0,
2023-11-12,3007.0,4867,4493.0,2544.0,4314.0,16748.0,,739.0,1309.0,1566.0,2421,15211.0,1176.0,694.0,1875.0,5676.0,665.0,8831.0,
2023-11-13,2872.0,4576,3445.0,2380.0,2431.0,22771.0,4.0,754.0,1333.0,1613.0,2342,16389.0,1199.0,720.0,1909.0,4881.0,597.0,7731.0,2.0
2023-11-14,2783.0,4061,3123.0,2251.0,1519.0,40456.0,2.0,728.0,1230.0,1565.0,2148,14215.0,1101.0,710.0,1716.0,4678.0,656.0,7067.0,1.0
2023-11-15,2692.0,3964,3361.0,1930.0,2065.0,38838.0,2.0,721.0,1000.0,1394.0,2004,13710.0,1081.0,651.0,1889.0,4114.0,627.0,5948.0,
2023-11-16,2640.0,4092,3556.0,2059.0,1222.0,27932.0,2.0,689.0,1111.0,1605.0,1925,15645.0,1099.0,717.0,1574.0,3835.0,637.0,5319.0,1.0
2023-11-17,2661.0,4179,3029.0,2057.0,977.0,23798.0,5.0,684.0,1070.0,1480.0,1896,16758.0,1125.0,787.0,1437.0,3527.0,688.0,4727.0,
2023-11-18,2933.0,4649,3684.0,2346.0,938.0,22027.0,357.0,746.0,993.0,1484.0,2069,21613.0,1231.0,762.0,1483.0,3801.0,635.0,5135.0,
2023-11-19,3180.0,4572,3301.0,2492.0,805.0,20933.0,1860.0,752.0,1078.0,1486.0,1961,27760.0,1302.0,825.0,1533.0,3996.0,603.0,5105.0,
2023-11-20,3332.0,4333,3203.0,2272.0,1065.0,18781.0,3227.0,794.0,1092.0,1617.0,1953,24461.0,1301.0,755.0,1897.0,3568.0,592.0,4319.0,1.0
2023-11-21,2825.0,4042,3225.0,2104.0,732.0,14690.0,2330.0,753.0,1632.0,1502.0,1913,20300.0,1244.0,646.0,1427.0,3024.0,563.0,4066.0,0.0
2023-11-22,2775.0,4068,3550.0,2238.0,657.0,13649.0,2711.0,752.0,1338.0,1994.0,1779,20795.0,1211.0,733.0,1430.0,3078.0,652.0,4396.0,0.0
2023-11-23,2711.0,3850,4206.0,2086.0,4559.0,12055.0,3444.0,660.0,1476.0,1566.0,1738,19735.0,1072.0,725.0,1276.0,2986.0,527.0,3881.0,
2023-11-24,2857.0,3980,19996.0,2044.0,3698.0,11735.0,2950.0,692.0,1279.0,1463.0,1920,19861.0,1125.0,720.0,1319.0,3086.0,521.0,3494.0,
2023-11-25,3164.0,4535,41336.0,2552.0,2657.0,12265.0,2408.0,776.0,1230.0,1579.0,2243,24167.0,1227.0,766.0,1452.0,3018.0,629.0,3596.0,2.0
2023-11-26,3540.0,4530,38466.0,2635.0,1930.0,11895.0,1869.0,834.0,1217.0,1693.0,2287,26039.0,1252.0,806.0,1647.0,3114.0,757.0,3579.0,
2023-11-27,3325.0,3996,27657.0,2307.0,1606.0,10744.0,1712.0,754.0,1265.0,1651.0,2015,22059.0,1234.0,840.0,1529.0,2813.0,561.0,3156.0,0.0
2023-11-28,2858.0,4033,22302.0,2106.0,1118.0,9657.0,1668.0,740.0,1239.0,1479.0,1975,17423.0,1104.0,760.0,1559.0,2509.0,627.0,2952.0,
2023-11-29,2901.0,4097,17804.0,2287.0,964.0,9224.0,7794.0,810.0,1923.0,1441.0,1942,15510.0,1177.0,881.0,1258.0,2306.0,545.0,2844.0,1.0
2023-11-30,2785.0,3878,17676.0,2111.0,984.0,8526.0,4586.0,715.0,1852.0,1269.0,1748,13068.0,1107.0,779.0,1230.0,2159.0,627.0,2436.0,2.0
2023-12-01,2795.0,3551,20643.0,2024.0,1047.0,8107.0,3613.0,601.0,2105.0,1353.0,1535,12646.0,1114.0,736.0,1266.0,2052.0,581.0,2373.0,0.0
2023-12-02,3112.0,4020,29130.0,2175.0,1017.0,8284.0,3458.0,752.0,8541.0,1497.0,1591,17885.0,1327.0,808.0,1231.0,2168.0,536.0,2730.0,0.0
2023-12-03,3210.0,4072,31966.0,2469.0,978.0,8201.0,3173.0,852.0,23244.0,1647.0,1887,27511.0,1918.0,897.0,1290.0,2254.0,512.0,2672.0,1.0
2023-12-04,3000.0,3782,24628.0,2061.0,990.0,7219.0,2732.0,1097.0,18382.0,1531.0,1706,21805.0,1663.0,769.0,1236.0,2023.0,567.0,2387.0,0.0
2023-12-05,3064.0,3584,20353.0,1955.0,1215.0,6684.0,2459.0,1434.0,11504.0,1381.0,1704,15483.0,1505.0,755.0,1099.0,1874.0,512.0,2285.0,1.0
2023-12-06,3063.0,3753,13050.0,1918.0,999.0,6419.0,2357.0,972.0,8752.0,1815.0,1532,12104.0,1403.0,697.0,1136.0,1658.0,506.0,2117.0,
2023-12-07,2967.0,3436,15744.0,1848.0,2858.0,6370.0,1982.0,750.0,7523.0,1585.0,1585,9640.0,1383.0,833.0,1175.0,1687.0,1205.0,2052.0,1.0
2023-12-08,3003.0,3473,23116.0,1922.0,2441.0,6258.0,2421.0,791.0,6911.0,1522.0,1584,9265.0,1314.0,789.0,1266.0,1717.0,782.0,2114.0,1.0
2023-12-09,3020.0,3346,36996.0,2079.0,2974.0,6460.0,3203.0,840.0,9792.0,1499.0,1660,9128.0,1438.0,773.0,1328.0,1811.0,536.0,2357.0,0.0
2023-12-10,3340.0,3597,37485.0,2354.0,2217.0,6558.0,2791.0,899.0,15626.0,1657.0,1674,9166.0,1719.0,875.0,1264.0,1864.0,623.0,2261.0,2.0
2023-12-11,3108.0,3210,28174.0,2285.0,1631.0,5829.0,2728.0,821.0,12490.0,1485.0,1497,7555.0,1511.0,803.0,1182.0,1534.0,552.0,2096.0,0.0
2023-12-12,3631.0,3017,22800.0,2042.0,1768.0,5400.0,3159.0,779.0,8266.0,1502.0,1437,6702.0,1392.0,723.0,1168.0,1510.0,582.0,1797.0,0.0
2023-12-13,7687.0,3602,20309.0,2075.0,1660.0,4988.0,5004.0,1004.0,7547.0,1561.0,1535,6364.0,1357.0,799.0,1331.0,1557.0,629.0,1704.0,
2023-12-14,5204.0,4313,19476.0,2338.0,1829.0,5110.0,6880.0,785.0,6869.0,1533.0,1501,5937.0,1299.0,818.0,1391.0,1518.0,674.0,1590.0,0.0
2023-12-15,3999.0,3424,25558.0,2110.0,1735.0,5113.0,39442.0,725.0,6269.0,1456.0,1455,5587.0,1181.0,750.0,1228.0,1382.0,572.0,1645.0,0.0
2023-12-16,3977.0,3475,37230.0,2284.0,1799.0,5304.0,49758.0,731.0,8967.0,1387.0,1586,5659.0,1234.0,932.0,1207.0,1551.0,617.0,1645.0,0.0
2023-12-17,4776.0,3990,35628.0,2478.0,1952.0,5308.0,48017.0,804.0,13794.0,1527.0,1570,5641.0,1399.0,966.0,1367.0,1640.0,699.0,1896.0,0.0
2023-12-18,4402.0,4013,27065.0,2426.0,2294.0,5468.0,41193.0,707.0,13794.0,1498.0,1699,5603.0,1480.0,1011.0,1282.0,1573.0,679.0,1815.0,0.0
2023-12-19,3987.0,3516,22082.0,2330.0,2837.0,5281.0,35322.0,797.0,8689.0,1386.0,1622,5065.0,1347.0,840.0,1198.0,1542.0,631.0,1613.0,1.0
2023-12-20,4037.0,3385,19696.0,2105.0,3253.0,5078.0,27341.0,787.0,7982.0,1390.0,1616,4894.0,1336.0,757.0,1183.0,1572.0,666.0,1621.0,0.0
2023-12-21,3962.0,3334,19454.0,2133.0,4646.0,5370.0,27915.0,779.0,7413.0,1404.0,1617,5052.0,1277.0,799.0,1081.0,1587.0,594.0,1898.0,2.0
2023-12-22,3686.0,3156,25241.0,1995.0,36597.0,4996.0,27702.0,726.0,6750.0,1365.0,1487,4550.0,1193.0,862.0,1084.0,1412.0,538.0,1690.0,1.0
2023-12-23,3564.0,5016,33478.0,2019.0,57362.0,5130.0,24093.0,788.0,8305.0,1417.0,1458,4082.0,1186.0,791.0,1073.0,1385.0,530.0,1633.0,0.0
2023-12-24,3614.0,3992,31540.0,1988.0,49887.0,4990.0,22032.0,852.0,11943.0,1131.0,1429,3734.0,1200.0,885.0,1011.0,1490.0,541.0,1651.0,0.0
2023-12-25,3717.0,4091,23170.0,2294.0,48457.0,5336.0,21578.0,826.0,12927.0,1130.0,1480,3902.0,1311.0,1000.0,1366.0,1445.0,585.0,1776.0,
2023-12-26,4141.0,4162,22543.0,2578.0,43145.0,5596.0,19516.0,814.0,10379.0,1255.0,1560,4274.0,1404.0,999.0,1555.0,1670.0,609.0,1808.0,0.0
2023-12-27,4479.0,3999,22541.0,2411.0,37058.0,6063.0,17699.0,877.0,8952.0,1432.0,1592,4174.0,1461.0,1027.0,1627.0,1735.0,674.0,1689.0,1.0
2023-12-28,4241.0,4213,22007.0,2369.0,31510.0,5706.0,16902.0,1064.0,8504.0,1378.0,1599,3594.0,1405.0,1042.0,1702.0,1618.0,741.0,1751.0,1.0
2023-12-29,4058.0,4584,27286.0,2505.0,28212.0,6016.0,16178.0,1015.0,8298.0,1394.0,1794,3360.0,1397.0,1152.0,1633.0,1550.0,737.0,1849.0,1.0
2023-12-30,4201.0,4743,26635.0,3015.0,28100.0,5965.0,15384.0,1059.0,11762.0,1465.0,2114,3801.0,1564.0,1216.0,1809.0,1634.0,620.0,1807.0,0.0
2023-12-31,4214.0,4502,19315.0,3016.0,23311.0,5310.0,13127.0,947.0,13981.0,1264.0,1834,2982.0,1491.0,1026.0,1444.0,1358.0,593.0,1753.0,0.0
2024-01-01,4336.0,4692,19309.0,2971.0,25506.0,5530.0,15796.0,949.0,14641.0,1477.0,1873,3210.0,1695.0,1069.0,1549.0,1429.0,657.0,1499.0,2.0
2024-01-02,4356.0,4516,19396.0,2883.0,23149.0,5823.0,16127.0,976.0,11787.0,1447.0,1753,4645.0,1713.0,1221.0,1508.0,1553.0,643.0,1756.0,1.0
2024-01-03,4178.0,4109,18005.0,2684.0,23038.0,5343.0,15826.0,965.0,9564.0,1506.0,1813,5146.0,1600.0,1014.0,1270.0,1574.0,590.0,1577.0,0.0
2024-01-04,4049.0,3993,17522.0,2576.0,23741.0,5224.0,20458.0,1004.0,8574.0,1480.0,1607,5912.0,1427.0,1028.0,1286.0,1509.0,666.0,1679.0,1.0
2024-01-05,3780.0,3540,23352.0,2366.0,48609.0,5162.0,39724.0,900.0,8302.0,1322.0,1601,4885.0,1539.0,988.0,1163.0,1328.0,759.0,1573.0,0.0
2024-01-06,3973.0,3782,28242.0,2523.0,54461.0,4914.0,38938.0,970.0,10506.0,1325.0,1583,4827.0,1487.0,983.0,1104.0,1440.0,833.0,1627.0,0.0
2024-01-07,4117.0,3711,28140.0,2476.0,42726.0,4683.0,30993.0,1041.0,16470.0,1370.0,1733,4927.0,1662.0,1073.0,1274.0,1450.0,812.0,1490.0,0.0
2024-01-08,3554.0,3432,19000.0,2134.0,33626.0,4177.0,24637.0,999.0,14825.0,1267.0,1593,3939.0,1515.0,1014.0,1092.0,1266.0,667.0,1363.0,1.0
2024-01-09,3453.0,3300,17631.0,2210.0,27978.0,4291.0,23173.0,969.0,11375.0,1348.0,1558,4650.0,1542.0,921.0,1033.0,1272.0,736.0,1363.0,
2024-01-10,3481.0,3111,15666.0,2272.0,22514.0,4007.0,20770.0,863.0,9815.0,1302.0,1539,5053.0,1360.0,916.0,958.0,1249.0,610.0,1345.0,0.0
2024-01-11,3397.0,3052,15327.0,2225.0,19228.0,4216.0,20099.0,808.0,9099.0,1289.0,1379,4971.0,1431.0,915.0,1063.0,1221.0,571.0,1147.0,0.0
2024-01-12,3305.0,3223,18993.0,2130.0,20377.0,4110.0,19506.0,920.0,10025.0,1255.0,1373,4554.0,1471.0,912.0,1104.0,1137.0,592.0,1260.0,0.0
2024-01-13,3597.0,3761,23919.0,2364.0,20492.0,4140.0,21478.0,933.0,13495.0,1390.0,1469,4331.0,1499.0,983.0,1047.0,1214.0,684.0,1371.0,
2024-01-14,4154.0,4041,24911.0,2445.0,20469.0,4315.0,23761.0,1060.0,18876.0,1381.0,1629,4302.0,1629.0,986.0,1154.0,1179.0,778.0,1359.0,0.0
2024-01-15,4239.0,3804,18748.0,2532.0,16200.0,3851.0,20450.0,992.0,16252.0,1348.0,1446,3740.0,1544.0,950.0,1066.0,1192.0,688.0,1180.0,0.0
2024-01-16,3714.0,3449,15883.0,2334.0,14929.0,4049.0,18820.0,895.0,11893.0,1340.0,1338,3545.0,1476.0,876.0,1178.0,1159.0,682.0,1246.0,0.0
2024-01-17,3450.0,3824,14281.0,2174.0,16342.0,4079.0,16320.0,854.0,10435.0,1250.0,1411,3640.0,1453.0,845.0,942.0,1073.0,685.0,1181.0,1.0
2024-01-18,3412.0,4040,15069.0,2128.0,12729.0,3639.0,15228.0,749.0,10228.0,1138.0,1343,3457.0,1377.0,797.0,917.0,1034.0,718.0,1252.0,0.0
2024-01-19,3649.0,4138,21633.0,2119.0,12223.0,3688.0,15169.0,764.0,10845.0,1085.0,1308,3391.0,1243.0,833.0,896.0,962.0,649.0,1310.0,1.0
2024-01-20,3717.0,3811,34473.0,2314.0,12687.0,3786.0,15236.0,847.0,15609.0,1243.0,1461,3366.0,1445.0,878.0,980.0,1069.0,659.0,1299.0,2.0
2024-01-21,4226.0,3562,31750.0,2441.0,12859.0,3876.0,15030.0,927.0,29760.0,1178.0,1576,3625.0,1754.0,910.0,1049.0,1088.0,779.0,1397.0,1.0
2024-01-22,3795.0,2802,21404.0,2236.0,10120.0,3466.0,13032.0,862.0,27600.0,1008.0,1282,3102.0,1758.0,942.0,907.0,1047.0,649.0,1179.0,0.0
2024-01-23,4085.0,2629,16709.0,2156.0,8897.0,3336.0,11834.0,734.0,17291.0,1031.0,1148,3081.0,1559.0,815.0,909.0,974.0,749.0,1193.0,0.0
2024-01-24,3824.0,2731,16171.0,2017.0,8540.0,3416.0,11028.0,813.0,13275.0,970.0,1365,3242.0,1541.0,850.0,764.0,1014.0,611.0,1129.0,0.0
2024-01-25,3642.0,2720,15165.0,1969.0,8104.0,3296.0,10683.0,844.0,12430.0,914.0,1372,3679.0,1559.0,787.0,876.0,913.0,631.0,1069.0,0.0
2024-01-26,3690.0,2940,13857.0,1967.0,7625.0,3125.0,10738.0,800.0,11086.0,962.0,1222,3411.0,1552.0,911.0,828.0,901.0,683.0,1111.0,0.0
2024-01-27,4047.0,3182,15698.0,2234.0,8220.0,3584.0,12253.0,891.0,12274.0,1146.0,1385,4067.0,1640.0,911.0,854.0,1016.0,874.0,1147.0,0.0
2024-01-28,4137.0,3250,14250.0,2466.0,8464.0,3636.0,12094.0,879.0,12439.0,1213.0,1342,3809.0,1743.0,984.0,924.0,1149.0,919.0,1194.0,0.0
2024-01-29,3544.0,2912,11704.0,2159.0,7110.0,3552.0,10226.0,808.0,10318.0,1104.0,1279,3228.0,1548.0,866.0,897.0,961.0,708.0,1138.0,0.0
2024-01-30,3479.0,2773,10034.0,2208.0,6360.0,3288.0,10045.0,853.0,9249.0,983.0,1331,3594.0,1508.0,935.0,793.0,950.0,682.0,1181.0,0.0
2024-01-31,3468.0,2749,9361.0,2048.0,5970.0,3088.0,9897.0,772.0,8663.0,988.0,1362,3643.0,1498.0,854.0,796.0,907.0,635.0,1062.0,1.0
2024-02-01,3231.0,2455,8151.0,1934.0,5458.0,2904.0,8852.0,728.0,7544.0,969.0,1280,3591.0,1382.0,691.0,824.0,853.0,558.0,1079.0,2.0
2024-02-02,3286.0,2256,7426.0,2136.0,5348.0,2974.0,8791.0,744.0,7358.0,948.0,1128,3417.0,1299.0,771.0,753.0,793.0,555.0,1001.0,0.0
2024-02-03,3500.0,2732,8286.0,2315.0,6036.0,2935.0,9083.0,810.0,7691.0,1068.0,1241,3443.0,1450.0,845.0,795.0,964.0,750.0,1078.0,1.0
2024-02-04,3627.0,2755,8345.0,2268.0,6398.0,3029.0,9123.0,875.0,7869.0,1067.0,1351,3568.0,1502.0,895.0,933.0,1242.0,749.0,1114.0,1.0
2024-02-05,3163.0,2414,6801.0,2124.0,5190.0,2509.0,7325.0,874.0,6631.0,914.0,1125,2848.0,1337.0,808.0,731.0,938.0,516.0,992.0,1.0
2024-02-06,3070.0,2391,6580.0,1813.0,4774.0,2441.0,7250.0,789.0,5729.0,911.0,1116,2796.0,1271.0,782.0,691.0,896.0,518.0,883.0,0.0
2024-02-07,2883.0,2330,5970.0,1737.0,4578.0,2505.0,6798.0,775.0,5470.0,981.0,1082,2958.0,1234.0,770.0,631.0,805.0,624.0,954.0,2.0
2024-02-08,3006.0,2370,5534.0,1765.0,4469.0,2565.0,6533.0,710.0,5360.0,851.0,1097,2890.0,1224.0,793.0,629.0,881.0,583.0,944.0,1.0
2024-02-09,3194.0,2364,5928.0,1874.0,4407.0,2577.0,6521.0,860.0,5187.0,853.0,978,2993.0,1126.0,730.0,603.0,823.0,550.0,814.0,0.0
2024-02-10,3111.0,2333,6128.0,1999.0,4972.0,2949.0,7002.0,802.0,5442.0,864.0,1188,2993.0,1333.0,734.0,764.0,880.0,611.0,906.0,0.0
2024-02-11,3363.0,2769,6245.0,2053.0,5031.0,2930.0,6797.0,880.0,5795.0,933.0,1273,2984.0,1393.0,756.0,763.0,918.0,656.0,981.0,0.0
2024-02-12,2965.0,2741,5384.0,1840.0,4371.0,2573.0,6149.0,775.0,5011.0,787.0,1143,2664.0,1080.0,756.0,831.0,783.0,569.0,973.0,0.0
2024-02-13,3014.0,2241,5011.0,1775.0,4154.0,2686.0,5711.0,689.0,4438.0,928.0,1019,2995.0,1124.0,709.0,640.0,759.0,588.0,981.0,0.0
2024-02-14,2806.0,2141,4739.0,1574.0,3714.0,2469.0,5331.0,707.0,4242.0,802.0,894,2474.0,1018.0,650.0,634.0,730.0,555.0,873.0,0.0
2024-02-15,2893.0,2270,4535.0,1518.0,3618.0,2195.0,5721.0,714.0,3949.0,931.0,841,2239.0,1070.0,693.0,642.0,773.0,493.0,838.0,0.0
2024-02-16,2820.0,2480,4388.0,1580.0,3457.0,2078.0,5346.0,717.0,4054.0,928.0,957,2124.0,1001.0,625.0,801.0,774.0,590.0,884.0,0.0
2024-02-17,2980.0,2717,4518.0,1726.0,3848.0,2318.0,5453.0,818.0,4306.0,925.0,998,2159.0,1146.0,670.0,826.0,846.0,654.0,907.0,0.0
2024-02-18,3129.0,3016,5049.0,1946.0,4005.0,2441.0,5149.0,779.0,4526.0,999.0,1070,2061.0,1168.0,740.0,760.0,778.0,666.0,838.0,1.0
2024-02-19,2898.0,2886,4671.0,1685.0,3416.0,2194.0,4691.0,732.0,4033.0,1156.0,967,1749.0,1053.0,689.0,626.0,823.0,629.0,815.0,0.0
2024-02-20,2871.0,2246,4451.0,1569.0,3035.0,2208.0,4492.0,740.0,3686.0,1238.0,991,1854.0,990.0,617.0,541.0,825.0,510.0,772.0,0.0
2024-02-21,2760.0,2160,4275.0,1649.0,2975.0,2090.0,4265.0,757.0,3486.0,1231.0,986,2009.0,1013.0,669.0,576.0,792.0,534.0,707.0,0.0
2024-02-22,2708.0,2119,4264.0,1527.0,2944.0,2072.0,4343.0,785.0,3324.0,901.0,999,2159.0,1043.0,746.0,622.0,760.0,568.0,829.0,0.0
2024-02-23,2832.0,2034,4244.0,1514.0,2954.0,2273.0,4476.0,800.0,3464.0,837.0,950,2160.0,969.0,785.0,651.0,715.0,494.0,758.0,0.0
2024-02-24,2955.0,2335,4666.0,1689.0,3017.0,2349.0,4648.0,740.0,3435.0,884.0,1077,2169.0,1117.0,735.0,626.0,749.0,586.0,742.0,0.0
2024-02-25,3190.0,2386,4631.0,1676.0,3295.0,2192.0,4852.0,792.0,3776.0,805.0,998,2155.0,1192.0,764.0,651.0,830.0,528.0,780.0,0.0
2024-02-26,2942.0,2034,4097.0,1599.0,2845.0,2132.0,4357.0,757.0,3555.0,750.0,932,1767.0,1013.0,670.0,642.0,782.0,511.0,701.0,0.0
2024-02-27,2746.0,2130,3910.0,1513.0,2590.0,1992.0,5209.0,726.0,3220.0,848.0,907,1750.0,1065.0,677.0,616.0,729.0,477.0,653.0,0.0
2024-02-28,2651.0,2033,3810.0,1517.0,2419.0,2022.0,4268.0,751.0,3161.0,820.0,927,1750.0,923.0,648.0,543.0,742.0,599.0,676.0,1.0
2024-02-29,2815.0,2225,3758.0,1521.0,2278.0,2022.0,4009.0,702.0,3031.0,927.0,860,1699.0,1015.0,623.0,633.0,663.0,655.0,661.0,0.0
2024-03-01,2872.0,2209,3465.0,1489.0,2281.0,2060.0,3904.0,641.0,2859.0,807.0,801,1574.0,1346.0,671.0,607.0,659.0,713.0,605.0,0.0
2024-03-02,3167.0,2387,3668.0,1590.0,2520.0,2109.0,4174.0,746.0,2900.0,930.0,884,1867.0,1300.0,664.0,580.0,796.0,904.0,633.0,0.0
2024-03-03,3232.0,2270,4010.0,1763.0,2648.0,2054.0,4129.0,823.0,3239.0,854.0,983,1886.0,1146.0,747.0,664.0,771.0,800.0,617.0,0.0
2024-03-04,3024.0,2067,3772.0,1679.0,2408.0,2030.0,3662.0,685.0,2738.0,783.0,851,1555.0,998.0,708.0,604.0,657.0,641.0,598.0,0.0
2024-03-05,3056.0,1993,3561.0,1709.0,2233.0,2242.0,3654.0,715.0,2584.0,886.0,791,1489.0,980.0,695.0,638.0,613.0,570.0,601.0,0.0
2024-03-06,3122.0,1965,3590.0,1681.0,2171.0,2347.0,3883.0,841.0,2659.0,814.0,851,1608.0,963.0,623.0,643.0,665.0,590.0,520.0,0.0
2024-03-07,3010.0,2055,3392.0,1654.0,2217.0,2070.0,3971.0,715.0,2509.0,812.0,1025,1433.0,944.0,629.0,597.0,776.0,534.0,556.0,0.0
2024-03-08,2934.0,1990,3290.0,1487.0,2410.0,2108.0,3869.0,673.0,2558.0,704.0,1052,1370.0,948.0,615.0,606.0,663.0,600.0,556.0,1.0
2024-03-09,3349.0,2078,3636.0,1732.0,2672.0,2053.0,3875.0,788.0,2739.0,845.0,1088,1493.0,1101.0,698.0,581.0,729.0,727.0,556.0,0.0
2024-03-10,3845.0,2271,4139.0,2160.0,3078.0,2192.0,4296.0,837.0,3169.0,855.0,1063,1559.0,1099.0,828.0,633.0,700.0,884.0,674.0,0.0
2024-03-11,3530.0,2022,3415.0,1727.0,2566.0,1939.0,3650.0,659.0,2638.0,695.0,955,1335.0,916.0,683.0,580.0,673.0,832.0,529.0,0.0
2024-03-12,3333.0,1841,3162.0,1562.0,2542.0,1983.0,3430.0,625.0,2412.0,724.0,914,1230.0,941.0,606.0,529.0,574.0,738.0,530.0,0.0
2024-03-13,3124.0,1941,3231.0,1510.0,2317.0,1889.0,3598.0,596.0,2390.0,649.0,973,1320.0,885.0,685.0,738.0,629.0,630.0,494.0,0.0
2024-03-14,2896.0,1751,3265.0,1525.0,2263.0,1938.0,3718.0,660.0,2273.0,748.0,889,1423.0,913.0,614.0,622.0,595.0,707.0,559.0,0.0
2024-03-15,3065.0,1816,3215.0,1431.0,2570.0,1875.0,3659.0,626.0,2171.0,692.0,899,1218.0,889.0,656.0,573.0,538.0,547.0,536.0,0.0
2024-03-16,3418.0,2057,3722.0,1588.0,3750.0,2012.0,3741.0,621.0,2358.0,651.0,813,1364.0,998.0,687.0,623.0,656.0,620.0,486.0,0.0
2024-03-17,3839.0,2009,3769.0,1869.0,3158.0,1977.0,3653.0,786.0,2470.0,776.0,980,1486.0,966.0,701.0,694.0,774.0,687.0,556.0,0.0
2024-03-18,3716.0,1838,3516.0,1800.0,2684.0,1792.0,3416.0,819.0,2337.0,664.0,883,1205.0,1032.0,721.0,637.0,679.0,530.0,492.0,0.0
2024-03-19,3523.0,1749,3182.0,1604.0,2440.0,1870.0,3258.0,653.0,2109.0,621.0,796,1280.0,867.0,553.0,599.0,654.0,463.0,529.0,1.0
2024-03-20,3467.0,1618,3109.0,1539.0,2241.0,1883.0,3054.0,639.0,1984.0,598.0,807,1053.0,847.0,600.0,758.0,722.0,557.0,545.0,0.0
2024-03-21,3316.0,1574,3195.0,1514.0,2031.0,1760.0,3327.0,630.0,2042.0,694.0,779,1060.0,835.0,576.0,739.0,706.0,582.0,469.0,1.0
2024-03-22,3141.0,1602,3000.0,1487.0,2002.0,1898.0,3189.0,680.0,2027.0,667.0,703,1026.0,868.0,650.0,699.0,680.0,490.0,531.0,0.0
2024-03-23,3353.0,1836,3380.0,1526.0,2210.0,1994.0,3413.0,615.0,2065.0,625.0,742,1188.0,974.0,709.0,851.0,735.0,594.0,497.0,0.0
2024-03-24,3814.0,1854,3607.0,1730.0,2273.0,2121.0,3727.0,762.0,2319.0,872.0,801,1241.0,1041.0,679.0,928.0,804.0,653.0,530.0,0.0
2024-03-25,3535.0,1719,3175.0,1646.0,2050.0,1892.0,3312.0,6970.0,2200.0,729.0,855,974.0,1372.0,643.0,829.0,693.0,630.0,496.0,0.0
2024-03-26,3292.0,1706,3116.0,1543.0,1773.0,1835.0,3093.0,3833.0,2011.0,671.0,828,940.0,1004.0,633.0,766.0,709.0,519.0,509.0,
2024-03-27,3027.0,1734,3200.0,1504.0,1848.0,1729.0,2852.0,1554.0,1962.0,687.0,810,823.0,966.0,569.0,850.0,632.0,546.0,498.0,
2024-03-28,2992.0,1748,3097.0,1507.0,1849.0,1804.0,3090.0,1228.0,2021.0,599.0,824,734.0,975.0,562.0,760.0,688.0,497.0,591.0,
2024-03-29,3253.0,1817,3190.0,1487.0,2432.0,1823.0,3006.0,1037.0,2231.0,676.0,880,845.0,1020.0,640.0,861.0,778.0,564.0,553.0,
2024-03-30,3203.0,1823,3208.0,1450.0,2488.0,2115.0,3212.0,924.0,2061.0,663.0,818,784.0,908.0,580.0,762.0,706.0,594.0,584.0,1.0
2024-03-31,3607.0,2147,3161.0,1618.0,2294.0,2280.0,3080.0,1011.0,2219.0,688.0,970,958.0,912.0,604.0,801.0,759.0,653.0,542.0,1.0
2024-04-01,3658.0,1896,3244.0,1616.0,2140.0,2205.0,2917.0,1248.0,2199.0,675.0,919,979.0,856.0,720.0,924.0,718.0,638.0,556.0,
2024-04-02,3379.0,1646,3060.0,1413.0,2045.0,2151.0,2705.0,899.0,1986.0,694.0,915,904.0,805.0,606.0,786.0,723.0,527.0,557.0,0.0
2024-04-03,3357.0,1637,2826.0,1405.0,1835.0,2224.0,2493.0,732.0,1804.0,675.0,876,866.0,743.0,632.0,739.0,700.0,493.0,547.0,
2024-04-04,3366.0,1539,2608.0,1483.0,1683.0,2273.0,2458.0,722.0,1805.0,631.0,846,811.0,760.0,660.0,661.0,677.0,515.0,557.0,
2024-04-05,3251.0,1535,2504.0,1429.0,1654.0,2280.0,2465.0,758.0,1800.0,638.0,808,826.0,793.0,637.0,634.0,609.0,501.0,540.0,
2024-04-06,3193.0,1856,2576.0,1547.0,1856.0,2823.0,2500.0,749.0,1951.0,653.0,859,910.0,801.0,603.0,716.0,647.0,513.0,493.0,
2024-04-07,3537.0,2084,2687.0,1734.0,2036.0,4070.0,2849.0,877.0,2045.0,688.0,931,1020.0,810.0,646.0,749.0,670.0,632.0,598.0,2.0
2024-04-08,3694.0,2893,2810.0,1685.0,1850.0,3891.0,2688.0,1077.0,2140.0,613.0,926,1039.0,850.0,1154.0,717.0,621.0,574.0,943.0,
2024-04-09,3377.0,2787,2750.0,1614.0,1711.0,3495.0,2574.0,820.0,1897.0,640.0,904,911.0,711.0,953.0,712.0,644.0,482.0,930.0,
2024-04-10,3229.0,2649,2652.0,1511.0,1808.0,3023.0,2599.0,692.0,1860.0,671.0,965,900.0,776.0,845.0,733.0,593.0,496.0,840.0,0.0
2024-04-11,3260.0,2549,2335.0,1446.0,1795.0,2832.0,2488.0,637.0,1600.0,664.0,962,835.0,671.0,727.0,689.0,622.0,474.0,734.0,0.0
2024-04-12,2960.0,2464,2234.0,1411.0,1809.0,2866.0,2615.0,675.0,1634.0,628.0,960,934.0,714.0,783.0,648.0,630.0,446.0,658.0,0.0
2024-04-13,3271.0,2216,2613.0,1571.0,1908.0,2794.0,2587.0,763.0,1855.0,714.0,1051,856.0,781.0,792.0,701.0,599.0,479.0,743.0,0.0
2024-04-14,3569.0,2325,2625.0,1594.0,2007.0,2722.0,2472.0,818.0,1770.0,758.0,966,981.0,763.0,822.0,680.0,669.0,565.0,700.0,0.0
2024-04-15,3426.0,2122,2625.0,1509.0,1817.0,2666.0,2326.0,827.0,1651.0,732.0,931,958.0,677.0,730.0,655.0,645.0,603.0,645.0,0.0
2024-04-16,3234.0,1873,2425.0,1515.0,1727.0,2630.0,2385.0,770.0,1581.0,756.0,992,827.0,666.0,668.0,579.0,542.0,476.0,655.0,0.0
2024-04-17,3025.0,1865,2497.0,1542.0,1619.0,2560.0,2366.0,751.0,1505.0,655.0,1050,848.0,704.0,597.0,657.0,628.0,440.0,592.0,0.0
2024-04-18,2746.0,1844,2502.0,1545.0,1679.0,2584.0,2213.0,767.0,1751.0,622.0,1013,850.0,747.0,648.0,652.0,605.0,442.0,550.0,0.0
2024-04-19,2975.0,1845,2480.0,1733.0,1573.0,2532.0,2252.0,676.0,1682.0,716.0,909,996.0,667.0,635.0,647.0,582.0,480.0,555.0,0.0
2024-04-20,2947.0,1856,2515.0,1554.0,1805.0,2594.0,2415.0,651.0,1614.0,780.0,1051,954.0,804.0,701.0,697.0,582.0,485.0,569.0,0.0
2024-04-21,3531.0,2092,2453.0,1643.0,1903.0,2458.0,2394.0,704.0,1676.0,840.0,1089,1024.0,839.0,715.0,655.0,636.0,588.0,625.0,0.0
2024-04-22,3882.0,1954,2197.0,1505.0,1736.0,2334.0,2195.0,746.0,1588.0,706.0,935,989.0,713.0,674.0,606.0,545.0,590.0,588.0,1.0
2024-04-23,3542.0,1621,2156.0,1489.0,1556.0,2338.0,2058.0,658.0,1466.0,694.0,916,858.0,654.0,619.0,623.0,547.0,486.0,496.0,0.0
2024-04-24,3469.0,1716,2135.0,1493.0,1615.0,2315.0,2046.0,614.0,1521.0,715.0,892,883.0,665.0,649.0,649.0,540.0,469.0,558.0,2.0
2024-04-25,3600.0,1735,2055.0,1455.0,1642.0,2302.0,2168.0,604.0,1500.0,749.0,931,863.0,669.0,666.0,602.0,651.0,455.0,537.0,0.0
2024-04-26,3395.0,1680,2206.0,1356.0,1587.0,2352.0,2092.0,626.0,1435.0,790.0,1031,899.0,636.0,833.0,633.0,603.0,434.0,479.0,3.0
2024-04-27,3710.0,1753,2319.0,1376.0,1702.0,2184.0,2110.0,656.0,1432.0,786.0,996,856.0,734.0,887.0,583.0,643.0,492.0,506.0,0.0
2024-04-28,4571.0,2025,2430.0,1571.0,1747.0,2171.0,2171.0,811.0,1682.0,839.0,1012,959.0,845.0,951.0,617.0,663.0,564.0,574.0,3.0
2024-04-29,4588.0,1801,2399.0,1725.0,1624.0,2192.0,2151.0,1180.0,1717.0,805.0,884,991.0,779.0,1009.0,669.0,677.0,611.0,599.0,1.0
2024-04-30,4031.0,1643,2428.0,1524.0,1549.0,2181.0,1993.0,868.0,1475.0,745.0,812,987.0,724.0,768.0,686.0,711.0,498.0,476.0,0.0
2024-05-01,3992.0,1817,2548.0,1507.0,1540.0,2233.0,2054.0,836.0,1578.0,808.0,950,1057.0,781.0,770.0,813.0,728.0,503.0,637.0,1.0
2024-05-02,3908.0,1604,2258.0,1452.0,1465.0,2093.0,1901.0,680.0,1314.0,709.0,868,916.0,746.0,767.0,650.0,610.0,492.0,553.0,0.0
2024-05-03,3755.0,1618,2176.0,1380.0,1422.0,2173.0,2007.0,969.0,1418.0,742.0,1008,944.0,742.0,760.0,656.0,534.0,485.0,548.0,2.0
2024-05-04,3864.0,2070,2361.0,1539.0,1546.0,2371.0,2013.0,846.0,1507.0,748.0,1174,1145.0,820.0,705.0,744.0,577.0,519.0,637.0,0.0
2024-05-05,4659.0,2171,2434.0,1556.0,1829.0,2434.0,2171.0,758.0,1508.0,744.0,1084,1392.0,818.0,845.0,714.0,681.0,508.0,635.0,0.0
2024-05-06,3809.0,1885,2204.0,1377.0,1609.0,2247.0,1977.0,756.0,1423.0,693.0,949,1989.0,738.0,715.0,659.0,582.0,417.0,577.0,0.0
2024-05-07,4572.0,5762,2216.0,1304.0,1441.0,2136.0,2040.0,748.0,1485.0,763.0,865,1428.0,641.0,1271.0,632.0,580.0,392.0,944.0,0.0
2024-05-08,5016.0,4986,2063.0,1205.0,1489.0,1951.0,2018.0,668.0,1359.0,665.0,1032,974.0,607.0,1278.0,668.0,516.0,372.0,910.0,0.0
2024-05-09,3898.0,3328,1901.0,1054.0,1408.0,1925.0,1817.0,594.0,1179.0,624.0,984,946.0,602.0,907.0,669.0,520.0,380.0,586.0,1.0
2024-05-10,3213.0,2342,1561.0,1000.0,1089.0,1817.0,1615.0,597.0,1016.0,554.0,769,673.0,529.0,735.0,489.0,399.0,335.0,521.0,0.0
2024-05-11,3239.0,2224,1600.0,1004.0,1219.0,1800.0,1808.0,547.0,1080.0,608.0,832,741.0,569.0,653.0,534.0,462.0,435.0,450.0,2.0
2024-05-12,3210.0,2340,1675.0,1047.0,1356.0,1922.0,1784.0,610.0,1174.0,660.0,825,693.0,774.0,740.0,524.0,528.0,440.0,479.0,2.0
2024-05-13,2973.0,1766,1385.0,919.0,1263.0,1722.0,1505.0,567.0,1113.0,584.0,783,670.0,697.0,625.0,521.0,480.0,388.0,453.0,0.0
2024-05-14,2627.0,1661,1476.0,949.0,1206.0,1743.0,1523.0,573.0,1005.0,559.0,925,596.0,632.0,570.0,557.0,447.0,367.0,349.0,0.0
2024-05-15,2554.0,1593,1434.0,972.0,1231.0,1786.0,1523.0,512.0,934.0,581.0,810,610.0,612.0,546.0,457.0,445.0,376.0,428.0,0.0
2024-05-16,2503.0,1477,1369.0,893.0,1148.0,1675.0,1324.0,579.0,930.0,602.0,763,566.0,598.0,479.0,474.0,415.0,312.0,364.0,1.0
2024-05-17,2347.0,1581,1310.0,887.0,1123.0,1672.0,1189.0,519.0,997.0,563.0,720,718.0,608.0,568.0,457.0,409.0,374.0,359.0,0.0
2024-05-18,2646.0,1586,1428.0,980.0,1246.0,1802.0,1394.0,562.0,969.0,645.0,749,731.0,638.0,635.0,508.0,474.0,387.0,367.0,0.0
2024-05-19,2661.0,1592,1556.0,988.0,1284.0,1828.0,1557.0,568.0,1022.0,583.0,759,694.0,736.0,642.0,520.0,504.0,397.0,417.0,2.0
2024-05-20,2633.0,1447,1383.0,1253.0,1270.0,1684.0,1469.0,499.0,937.0,655.0,745,643.0,756.0,566.0,505.0,561.0,352.0,384.0,0.0
2024-05-21,2654.0,1401,1444.0,951.0,1197.0,1633.0,1397.0,559.0,999.0,674.0,757,633.0,746.0,510.0,517.0,512.0,373.0,370.0,0.0
2024-05-22,2415.0,1478,1444.0,969.0,1109.0,1654.0,1377.0,565.0,870.0,705.0,738,601.0,672.0,508.0,499.0,481.0,366.0,424.0,0.0
2024-05-23,2309.0,1321,1456.0,929.0,1076.0,1599.0,1258.0,553.0,854.0,568.0,809,675.0,605.0,487.0,506.0,463.0,337.0,454.0,0.0
2024-05-24,2464.0,1218,1447.0,932.0,1086.0,1636.0,1444.0,536.0,883.0,602.0,744,658.0,631.0,563.0,463.0,479.0,311.0,354.0,0.0
2024-05-25,2402.0,1341,1434.0,956.0,1193.0,1691.0,1537.0,595.0,973.0,630.0,853,871.0,775.0,608.0,508.0,421.0,343.0,381.0,0.0
2024-05-26,2647.0,1760,1582.0,1153.0,1274.0,1787.0,1583.0,654.0,990.0,642.0,898,875.0,692.0,588.0,536.0,510.0,381.0,425.0,0.0
2024-05-27,2650.0,1546,1514.0,1156.0,1170.0,1843.0,1398.0,693.0,1025.0,585.0,882,804.0,684.0,503.0,503.0,504.0,339.0,371.0,0.0
2024-05-28,2532.0,1662,1443.0,1103.0,1132.0,1935.0,1340.0,669.0,1007.0,609.0,859,801.0,646.0,500.0,552.0,519.0,338.0,419.0,0.0
2024-05-29,2436.0,1447,1421.0,1042.0,1099.0,2113.0,1225.0,591.0,896.0,621.0,905,883.0,579.0,599.0,513.0,431.0,317.0,417.0,0.0
2024-05-30,2292.0,1540,1357.0,1096.0,1248.0,2088.0,1310.0,601.0,924.0,588.0,839,825.0,647.0,533.0,477.0,431.0,313.0,403.0,0.0
2024-05-31,2402.0,1650,1415.0,985.0,1232.0,2033.0,1290.0,607.0,984.0,557.0,793,654.0,645.0,520.0,552.0,425.0,295.0,376.0,0.0
2024-06-01,2421.0,1645,1561.0,954.0,1271.0,1919.0,1323.0,555.0,1012.0,607.0,826,745.0,634.0,465.0,497.0,462.0,295.0,379.0,1.0
